Date,Open,High,Low,Close,Adj Close,Volume
2014-01-02,7.180000,7.600000,7.140000,7.530000,7.530000,1022300
2014-01-03,7.500000,7.870000,7.500000,7.630000,7.630000,665900
2014-01-06,7.650000,7.880000,7.610000,7.650000,7.650000,701400
2014-01-07,7.660000,7.750000,7.400000,7.410000,7.410000,313700
2014-01-08,7.390000,7.530000,7.250000,7.410000,7.410000,387800
2014-01-09,7.430000,7.560000,7.310000,7.530000,7.530000,268000
2014-01-10,7.550000,7.840000,7.550000,7.730000,7.730000,410800
2014-01-13,7.710000,7.750000,7.530000,7.610000,7.610000,348900
2014-01-14,7.600000,7.920000,7.470000,7.850000,7.850000,362100
2014-01-15,7.910000,7.910000,7.700000,7.730000,7.730000,399900
2014-01-16,7.670000,8.040000,7.570000,7.970000,7.970000,407600
2014-01-17,7.960000,7.960000,7.740000,7.750000,7.750000,345100
2014-01-21,7.770000,7.880000,7.750000,7.840000,7.840000,322000
2014-01-22,7.820000,8.230000,7.770000,8.220000,8.220000,685400
2014-01-23,8.210000,8.420000,7.990000,8.420000,8.420000,663800
2014-01-24,8.380000,8.380000,7.810000,8.000000,8.000000,693100
2014-01-27,8.000000,8.130000,7.610000,7.930000,7.930000,648800
2014-01-28,7.930000,8.140000,7.900000,8.120000,8.120000,489100
2014-01-29,8.010000,8.080000,7.700000,7.920000,7.920000,455700
2014-01-30,7.990000,8.160000,7.940000,8.100000,8.100000,346200
2014-01-31,7.950000,8.210000,7.890000,8.050000,8.050000,734100
2014-02-03,8.010000,8.230000,7.500000,7.590000,7.590000,549600
2014-02-04,7.660000,7.750000,7.540000,7.580000,7.580000,293400
2014-02-05,7.560000,7.650000,7.450000,7.510000,7.510000,440700
2014-02-06,7.540000,7.830000,7.540000,7.700000,7.700000,248500
2014-02-07,7.740000,7.900000,7.640000,7.670000,7.670000,263500
2014-02-10,7.630000,7.670000,7.460000,7.560000,7.560000,368200
2014-02-11,7.560000,7.710000,7.490000,7.670000,7.670000,216100
2014-02-12,7.690000,8.100000,7.690000,8.060000,8.060000,455800
2014-02-13,8.010000,8.240000,7.830000,8.120000,8.120000,491300
2014-02-14,8.120000,8.210000,8.010000,8.160000,8.160000,467200
2014-02-18,8.210000,8.310000,8.000000,8.210000,8.210000,629000
2014-02-19,8.200000,8.270000,8.040000,8.150000,8.150000,600000
2014-02-20,8.200000,8.250000,7.920000,8.210000,8.210000,729000
2014-02-21,8.240000,8.840000,7.790000,8.740000,8.740000,1236800
2014-02-24,8.150000,8.660000,8.150000,8.410000,8.410000,960500
2014-02-25,8.380000,8.640000,8.370000,8.600000,8.600000,690800
2014-02-26,8.640000,8.680000,8.470000,8.510000,8.510000,483800
2014-02-27,8.450000,9.000000,8.450000,8.840000,8.840000,1151000
2014-02-28,8.870000,8.990000,8.610000,8.610000,8.610000,491600
2014-03-03,8.510000,8.580000,8.280000,8.490000,8.490000,461700
2014-03-04,8.580000,8.990000,8.580000,8.640000,8.640000,489700
2014-03-05,8.650000,8.740000,8.500000,8.680000,8.680000,343200
2014-03-06,8.710000,8.860000,8.620000,8.700000,8.700000,335200
2014-03-07,8.730000,8.850000,8.530000,8.600000,8.600000,222900
2014-03-10,8.560000,8.660000,8.420000,8.570000,8.570000,353500
2014-03-11,8.560000,8.760000,8.370000,8.470000,8.470000,308700
2014-03-12,8.370000,8.500000,8.290000,8.470000,8.470000,321500
2014-03-13,8.500000,8.500000,8.040000,8.180000,8.180000,583500
2014-03-14,8.120000,8.260000,8.080000,8.260000,8.260000,295300
2014-03-17,8.300000,8.480000,8.140000,8.190000,8.190000,426300
2014-03-18,8.180000,8.590000,8.180000,8.590000,8.590000,344400
2014-03-19,8.640000,8.730000,8.340000,8.480000,8.480000,286100
2014-03-20,8.470000,8.550000,8.300000,8.490000,8.490000,309000
2014-03-21,8.550000,8.550000,8.190000,8.190000,8.190000,394300
2014-03-24,8.240000,8.400000,8.090000,8.320000,8.320000,623700
2014-03-25,8.370000,8.580000,8.370000,8.490000,8.490000,433100
2014-03-26,8.590000,8.680000,8.000000,8.000000,8.000000,481400
2014-03-27,7.970000,8.110000,7.880000,7.970000,7.970000,434800
2014-03-28,7.940000,8.230000,7.930000,8.040000,8.040000,302800
2014-03-31,8.650000,9.160000,8.370000,9.100000,9.100000,2066400
2014-04-01,9.120000,9.250000,9.030000,9.070000,9.070000,622200
2014-04-02,9.100000,9.110000,8.910000,8.990000,8.990000,510900
2014-04-03,9.000000,9.110000,8.800000,9.070000,9.070000,465100
2014-04-04,9.150000,9.400000,8.840000,8.910000,8.910000,686300
2014-04-07,8.900000,8.920000,8.490000,8.690000,8.690000,439400
2014-04-08,8.700000,8.730000,8.530000,8.560000,8.560000,269300
2014-04-09,8.560000,8.770000,8.540000,8.760000,8.760000,444800
2014-04-10,8.770000,8.770000,8.380000,8.460000,8.460000,549300
2014-04-11,8.390000,8.600000,8.260000,8.420000,8.420000,392800
2014-04-14,8.480000,8.660000,8.430000,8.500000,8.500000,573500
2014-04-15,8.510000,8.620000,8.160000,8.390000,8.390000,470300
2014-04-16,8.440000,8.650000,8.320000,8.580000,8.580000,347900
2014-04-17,8.570000,8.750000,8.520000,8.690000,8.690000,194100
2014-04-21,8.690000,8.690000,8.430000,8.570000,8.570000,423900
2014-04-22,8.600000,8.760000,8.580000,8.600000,8.600000,347500
2014-04-23,8.570000,8.670000,8.340000,8.370000,8.370000,415500
2014-04-24,8.440000,8.540000,8.180000,8.470000,8.470000,619400
2014-04-25,8.000000,8.550000,7.550000,8.000000,8.000000,1244800
2014-04-28,8.120000,8.320000,7.690000,7.840000,7.840000,796600
2014-04-29,7.850000,8.070000,7.770000,7.850000,7.850000,561600
2014-04-30,7.850000,7.910000,7.700000,7.850000,7.850000,493900
2014-05-01,7.800000,7.980000,7.720000,7.900000,7.900000,408900
2014-05-02,7.940000,8.250000,7.790000,8.110000,8.110000,382500
2014-05-05,8.070000,8.120000,7.820000,7.870000,7.870000,292100
2014-05-06,7.820000,7.830000,7.490000,7.520000,7.520000,588800
2014-05-07,7.550000,7.550000,7.310000,7.410000,7.410000,459600
2014-05-08,7.420000,7.610000,7.340000,7.380000,7.380000,370700
2014-05-09,7.310000,7.510000,7.310000,7.400000,7.400000,439500
2014-05-12,7.470000,7.760000,7.410000,7.640000,7.640000,306800
2014-05-13,7.650000,7.690000,7.430000,7.480000,7.480000,568000
2014-05-14,7.450000,7.450000,7.120000,7.180000,7.180000,670200
2014-05-15,7.120000,7.180000,6.920000,7.130000,7.130000,432000
2014-05-16,7.110000,7.160000,7.020000,7.140000,7.140000,316900
2014-05-19,7.130000,7.300000,7.050000,7.200000,7.200000,256600
2014-05-20,7.160000,7.200000,6.980000,7.060000,7.060000,438300
2014-05-21,7.080000,7.210000,7.030000,7.050000,7.050000,233200
2014-05-22,7.070000,7.230000,7.030000,7.210000,7.210000,236800
2014-05-23,7.200000,7.410000,7.160000,7.310000,7.310000,515300
2014-05-27,7.410000,7.530000,7.280000,7.330000,7.330000,261600
2014-05-28,7.340000,7.400000,7.260000,7.370000,7.370000,280400
2014-05-29,7.250000,7.420000,7.150000,7.170000,7.170000,470800
2014-05-30,7.190000,7.290000,7.100000,7.180000,7.180000,308300
2014-06-02,7.190000,7.190000,6.980000,7.100000,7.100000,243000
2014-06-03,7.040000,7.200000,7.000000,7.130000,7.130000,454300
2014-06-04,7.120000,7.170000,7.030000,7.140000,7.140000,191400
2014-06-05,7.150000,7.380000,7.140000,7.260000,7.260000,322800
2014-06-06,7.330000,7.570000,7.310000,7.540000,7.540000,259100
2014-06-09,7.570000,8.030000,7.570000,8.030000,8.030000,493100
2014-06-10,8.030000,8.030000,7.820000,7.970000,7.970000,222800
2014-06-11,7.890000,7.900000,7.630000,7.740000,7.740000,367200
2014-06-12,7.700000,7.810000,7.630000,7.670000,7.670000,212400
2014-06-13,7.700000,7.710000,7.450000,7.530000,7.530000,241700
2014-06-16,7.510000,7.590000,7.360000,7.520000,7.520000,243900
2014-06-17,7.480000,7.590000,7.370000,7.510000,7.510000,208000
2014-06-18,7.500000,7.590000,7.390000,7.500000,7.500000,194800
2014-06-19,7.500000,7.620000,7.490000,7.550000,7.550000,175700
2014-06-20,7.600000,7.620000,7.330000,7.350000,7.350000,357600
2014-06-23,7.360000,7.530000,7.350000,7.450000,7.450000,214000
2014-06-24,7.410000,7.680000,7.340000,7.410000,7.410000,319600
2014-06-25,7.370000,7.540000,7.290000,7.300000,7.300000,473600
2014-06-26,7.310000,7.340000,7.140000,7.300000,7.300000,286700
2014-06-27,7.230000,7.440000,7.180000,7.360000,7.360000,343900
2014-06-30,7.340000,7.550000,7.270000,7.480000,7.480000,340700
2014-07-01,7.440000,7.860000,7.440000,7.760000,7.760000,513400
2014-07-02,7.760000,7.920000,7.580000,7.580000,7.580000,190100
2014-07-03,7.600000,7.750000,7.590000,7.620000,7.620000,125400
2014-07-07,7.630000,7.680000,7.240000,7.270000,7.270000,397200
2014-07-08,7.230000,7.250000,7.040000,7.140000,7.140000,279700
2014-07-09,7.200000,7.200000,6.930000,6.940000,6.940000,263100
2014-07-10,6.780000,6.960000,6.670000,6.850000,6.850000,653800
2014-07-11,6.870000,7.030000,6.860000,6.970000,6.970000,286200
2014-07-14,7.060000,7.060000,6.830000,6.860000,6.860000,248000
2014-07-15,6.850000,7.010000,6.790000,6.860000,6.860000,317900
2014-07-16,6.920000,6.950000,6.810000,6.900000,6.900000,255300
2014-07-17,6.810000,6.970000,6.610000,6.630000,6.630000,451200
2014-07-18,6.600000,6.800000,6.570000,6.780000,6.780000,273300
2014-07-21,6.720000,6.750000,6.560000,6.590000,6.590000,361000
2014-07-22,6.780000,6.810000,6.660000,6.810000,6.810000,326200
2014-07-23,6.820000,6.900000,6.710000,6.730000,6.730000,219500
2014-07-24,6.780000,6.810000,6.580000,6.580000,6.580000,330400
2014-07-25,6.340000,6.600000,5.950000,6.000000,6.000000,1311100
2014-07-28,5.960000,6.050000,5.640000,5.850000,5.850000,1662800
2014-07-29,5.880000,6.140000,5.770000,6.070000,6.070000,916000
2014-07-30,6.120000,6.250000,6.080000,6.230000,6.230000,734900
2014-07-31,6.130000,6.130000,5.910000,5.940000,5.940000,713000
2014-08-01,5.910000,6.030000,5.850000,5.930000,5.930000,338900
2014-08-04,5.950000,6.130000,5.930000,6.090000,6.090000,319300
2014-08-05,6.030000,6.150000,5.960000,6.110000,6.110000,361000
2014-08-06,6.070000,6.190000,6.050000,6.120000,6.120000,352200
2014-08-07,6.140000,6.210000,6.020000,6.060000,6.060000,202700
2014-08-08,6.100000,6.310000,6.080000,6.300000,6.300000,212700
2014-08-11,6.310000,6.440000,6.200000,6.300000,6.300000,192600
2014-08-12,6.260000,6.260000,6.080000,6.120000,6.120000,180800
2014-08-13,6.130000,6.210000,6.080000,6.140000,6.140000,115700
2014-08-14,6.150000,6.260000,6.100000,6.250000,6.250000,114100
2014-08-15,6.340000,6.380000,6.150000,6.310000,6.310000,275000
2014-08-18,6.370000,6.480000,6.310000,6.480000,6.480000,258900
2014-08-19,6.520000,6.850000,6.520000,6.830000,6.830000,523600
2014-08-20,6.830000,6.850000,6.620000,6.810000,6.810000,323800
2014-08-21,6.770000,6.830000,6.680000,6.820000,6.820000,232100
2014-08-22,6.810000,6.830000,6.730000,6.760000,6.760000,143900
2014-08-25,6.800000,6.950000,6.750000,6.940000,6.940000,279700
2014-08-26,6.960000,6.970000,6.800000,6.870000,6.870000,184700
2014-08-27,6.900000,6.940000,6.820000,6.880000,6.880000,108400
2014-08-28,6.810000,6.930000,6.780000,6.850000,6.850000,152900
2014-08-29,6.890000,6.960000,6.820000,6.900000,6.900000,171200
2014-09-02,6.910000,7.120000,6.870000,7.010000,7.010000,232700
2014-09-03,7.080000,7.090000,6.720000,6.740000,6.740000,250600
2014-09-04,6.730000,6.940000,6.670000,6.740000,6.740000,275300
2014-09-05,6.720000,6.840000,6.670000,6.810000,6.810000,193300
2014-09-08,6.780000,6.920000,6.750000,6.860000,6.860000,139100
2014-09-09,6.870000,6.890000,6.660000,6.670000,6.670000,212800
2014-09-10,6.680000,6.740000,6.450000,6.560000,6.560000,482900
2014-09-11,6.470000,6.710000,6.470000,6.630000,6.630000,256100
2014-09-12,6.610000,6.610000,6.460000,6.460000,6.460000,329000
2014-09-15,6.440000,6.470000,6.260000,6.270000,6.270000,259100
2014-09-16,6.230000,6.330000,6.210000,6.250000,6.250000,225500
2014-09-17,6.290000,6.460000,6.210000,6.400000,6.400000,442300
2014-09-18,6.410000,6.440000,6.350000,6.410000,6.410000,285300
2014-09-19,6.460000,6.460000,6.070000,6.150000,6.150000,354600
2014-09-22,6.120000,6.150000,5.850000,5.880000,5.880000,273900
2014-09-23,5.850000,5.950000,5.840000,5.880000,5.880000,253700
2014-09-24,5.890000,5.890000,5.690000,5.800000,5.800000,857000
2014-09-25,5.800000,5.840000,5.710000,5.730000,5.730000,358200
2014-09-26,5.730000,5.750000,5.600000,5.730000,5.730000,374200
2014-09-29,5.630000,5.680000,5.100000,5.670000,5.670000,534500
2014-09-30,5.660000,5.700000,5.440000,5.450000,5.450000,383400
2014-10-01,5.460000,5.540000,5.310000,5.360000,5.360000,423300
2014-10-02,5.380000,5.550000,5.300000,5.510000,5.510000,477700
2014-10-03,5.610000,5.700000,5.430000,5.460000,5.460000,206500
2014-10-06,5.500000,5.610000,5.350000,5.370000,5.370000,202200
2014-10-07,5.340000,5.400000,5.200000,5.210000,5.210000,181100
2014-10-08,5.200000,5.370000,5.090000,5.350000,5.350000,328100
2014-10-09,5.290000,5.350000,5.020000,5.070000,5.070000,632300
2014-10-10,5.030000,5.130000,4.850000,4.920000,4.920000,367800
2014-10-13,4.950000,5.060000,4.940000,4.970000,4.970000,406600
2014-10-14,5.070000,5.110000,4.920000,5.000000,5.000000,332900
2014-10-15,4.880000,5.180000,4.850000,5.130000,5.130000,487500
2014-10-16,5.000000,5.270000,5.000000,5.200000,5.200000,307500
2014-10-17,5.290000,5.390000,5.150000,5.370000,5.370000,488400
2014-10-20,5.330000,5.590000,5.330000,5.530000,5.530000,380700
2014-10-21,5.590000,5.630000,5.520000,5.570000,5.570000,221400
2014-10-22,5.590000,5.690000,5.460000,5.490000,5.490000,212400
2014-10-23,5.550000,5.750000,5.460000,5.630000,5.630000,223400
2014-10-24,5.360000,5.950000,5.180000,5.740000,5.740000,568200
2014-10-27,5.800000,5.800000,5.440000,5.450000,5.450000,365800
2014-10-28,5.500000,5.700000,5.390000,5.690000,5.690000,944700
2014-10-29,5.680000,5.750000,5.550000,5.730000,5.730000,355700
2014-10-30,5.700000,5.890000,5.600000,5.870000,5.870000,264800
2014-10-31,6.010000,6.040000,5.820000,5.930000,5.930000,391600
2014-11-03,5.920000,5.960000,5.820000,5.880000,5.880000,309300
2014-11-04,5.870000,5.900000,5.730000,5.760000,5.760000,161600
2014-11-05,5.830000,5.990000,5.730000,5.930000,5.930000,284200
2014-11-06,5.920000,5.980000,5.840000,5.880000,5.880000,209200
2014-11-07,5.830000,5.880000,5.760000,5.870000,5.870000,190400
2014-11-10,5.900000,6.030000,5.830000,5.900000,5.900000,180500
2014-11-11,5.900000,5.960000,5.840000,5.920000,5.920000,192900
2014-11-12,5.870000,6.040000,5.870000,6.000000,6.000000,249900
2014-11-13,5.990000,6.040000,5.830000,5.840000,5.840000,155100
2014-11-14,5.860000,5.980000,5.800000,5.950000,5.950000,186900
2014-11-17,5.970000,6.000000,5.760000,5.770000,5.770000,207000
2014-11-18,5.780000,5.950000,5.780000,5.920000,5.920000,126800
2014-11-19,5.920000,5.920000,5.740000,5.780000,5.780000,148600
2014-11-20,5.730000,6.160000,5.730000,6.150000,6.150000,196800
2014-11-21,6.270000,6.310000,6.080000,6.160000,6.160000,164400
2014-11-24,6.150000,6.420000,6.150000,6.400000,6.400000,265900
2014-11-25,6.440000,6.570000,6.360000,6.410000,6.410000,239000
2014-11-26,6.390000,6.530000,6.200000,6.270000,6.270000,161500
2014-11-28,6.280000,6.300000,6.140000,6.160000,6.160000,127200
2014-12-01,6.160000,6.200000,6.060000,6.120000,6.120000,221800
2014-12-02,6.160000,6.520000,6.160000,6.510000,6.510000,307100
2014-12-03,6.530000,6.760000,6.510000,6.670000,6.670000,291700
2014-12-04,6.560000,6.610000,6.410000,6.520000,6.520000,223700
2014-12-05,6.390000,6.700000,6.330000,6.650000,6.650000,273700
2014-12-08,6.650000,6.720000,6.490000,6.550000,6.550000,161100
2014-12-09,6.450000,6.760000,6.330000,6.740000,6.740000,166800
2014-12-10,6.690000,6.720000,6.330000,6.380000,6.380000,229200
2014-12-11,6.430000,6.500000,6.220000,6.260000,6.260000,275400
2014-12-12,6.150000,6.190000,6.020000,6.110000,6.110000,211200
2014-12-15,6.150000,6.230000,5.970000,6.100000,6.100000,198700
2014-12-16,6.100000,6.280000,6.040000,6.150000,6.150000,237000
2014-12-17,6.150000,6.510000,6.100000,6.510000,6.510000,178800
2014-12-18,6.620000,6.620000,6.440000,6.590000,6.590000,171800
2014-12-19,6.570000,6.720000,6.450000,6.660000,6.660000,318500
2014-12-22,6.650000,6.790000,6.590000,6.730000,6.730000,103600
2014-12-23,6.760000,6.780000,6.590000,6.690000,6.690000,156500
2014-12-24,6.690000,6.730000,6.600000,6.640000,6.640000,65000
2014-12-26,6.650000,6.840000,6.630000,6.820000,6.820000,107900
2014-12-29,6.820000,6.950000,6.810000,6.850000,6.850000,105000
2014-12-30,6.850000,6.920000,6.690000,6.850000,6.850000,113100
2014-12-31,6.860000,6.980000,6.750000,6.870000,6.870000,162000
2015-01-02,6.940000,7.010000,6.600000,6.750000,6.750000,220200
2015-01-05,6.660000,6.770000,6.580000,6.630000,6.630000,113000
2015-01-06,6.640000,6.680000,6.330000,6.400000,6.400000,151800
2015-01-07,6.490000,6.590000,6.400000,6.420000,6.420000,223600
2015-01-08,6.520000,6.640000,6.400000,6.560000,6.560000,291600
2015-01-09,6.540000,6.730000,6.490000,6.600000,6.600000,128700
2015-01-12,6.580000,6.580000,6.330000,6.400000,6.400000,274700
2015-01-13,6.500000,6.570000,6.240000,6.300000,6.300000,283000
2015-01-14,6.220000,6.360000,6.210000,6.330000,6.330000,119500
2015-01-15,6.320000,6.340000,6.020000,6.040000,6.040000,167800
2015-01-16,6.010000,6.230000,5.960000,6.110000,6.110000,276800
2015-01-20,6.100000,6.100000,5.880000,5.930000,5.930000,142200
2015-01-21,5.890000,6.000000,5.710000,5.750000,5.750000,168000
2015-01-22,5.830000,5.930000,5.770000,5.880000,5.880000,236300
2015-01-23,5.880000,5.980000,5.880000,5.920000,5.920000,166800
2015-01-26,5.960000,6.130000,5.850000,6.130000,6.130000,195900
2015-01-27,6.040000,6.180000,5.990000,6.110000,6.110000,159100
2015-01-28,6.180000,6.220000,5.960000,5.990000,5.990000,127100
2015-01-29,6.040000,6.310000,5.960000,6.250000,6.250000,184700
2015-01-30,6.190000,6.290000,5.900000,5.920000,5.920000,170500
2015-02-02,5.970000,6.060000,5.880000,6.000000,6.000000,114800
2015-02-03,6.060000,6.260000,6.060000,6.200000,6.200000,142300
2015-02-04,6.140000,6.220000,6.050000,6.070000,6.070000,107200
2015-02-05,6.100000,6.330000,6.070000,6.290000,6.290000,121800
2015-02-06,6.290000,6.380000,6.200000,6.290000,6.290000,80200
2015-02-09,6.280000,6.400000,6.240000,6.270000,6.270000,77500
2015-02-10,6.310000,6.450000,6.210000,6.340000,6.340000,129500
2015-02-11,6.300000,6.410000,6.260000,6.350000,6.350000,86900
2015-02-12,6.390000,6.540000,6.350000,6.440000,6.440000,135700
2015-02-13,6.460000,6.680000,6.440000,6.660000,6.660000,161800
2015-02-17,6.700000,6.820000,6.630000,6.730000,6.730000,96500
2015-02-18,6.740000,6.860000,6.700000,6.770000,6.770000,98100
2015-02-19,6.780000,7.060000,6.760000,7.020000,7.020000,350600
2015-02-20,6.970000,6.970000,6.150000,6.500000,6.500000,695100
2015-02-23,6.560000,6.560000,6.180000,6.300000,6.300000,283700
2015-02-24,6.360000,6.460000,6.300000,6.400000,6.400000,181200
2015-02-25,6.430000,6.430000,6.170000,6.200000,6.200000,151700
2015-02-26,6.230000,6.250000,6.060000,6.150000,6.150000,331300
2015-02-27,6.160000,6.170000,6.010000,6.030000,6.030000,393500
2015-03-02,6.010000,6.200000,6.010000,6.160000,6.160000,295700
2015-03-03,6.150000,6.180000,5.960000,6.020000,6.020000,145600
2015-03-04,6.020000,6.050000,5.910000,6.040000,6.040000,130200
2015-03-05,6.020000,6.070000,5.910000,5.960000,5.960000,143400
2015-03-06,5.900000,6.130000,5.850000,6.060000,6.060000,359600
2015-03-09,6.080000,6.110000,5.960000,6.000000,6.000000,170900
2015-03-10,5.940000,5.990000,5.870000,5.870000,5.870000,215200
2015-03-11,5.870000,5.970000,5.810000,5.930000,5.930000,113400
2015-03-12,6.000000,6.070000,5.960000,6.030000,6.030000,128500
2015-03-13,6.040000,6.040000,5.830000,6.000000,6.000000,109100
2015-03-16,6.010000,6.040000,5.890000,5.950000,5.950000,114000
2015-03-17,5.910000,6.050000,5.830000,6.020000,6.020000,220000
2015-03-18,6.000000,6.120000,5.900000,6.110000,6.110000,133100
2015-03-19,6.050000,6.140000,5.980000,6.020000,6.020000,76400
2015-03-20,6.060000,6.310000,6.060000,6.280000,6.280000,248400
2015-03-23,6.260000,6.450000,6.260000,6.350000,6.350000,154300
2015-03-24,6.340000,6.450000,6.290000,6.440000,6.440000,116600
2015-03-25,6.400000,6.480000,6.300000,6.330000,6.330000,132300
2015-03-26,6.300000,6.340000,6.170000,6.180000,6.180000,190300
2015-03-27,6.250000,6.560000,6.250000,6.520000,6.520000,821100
2015-03-30,6.600000,6.710000,6.550000,6.630000,6.630000,223400
2015-03-31,6.620000,6.830000,6.600000,6.670000,6.670000,232100
2015-04-01,6.630000,6.720000,6.540000,6.700000,6.700000,236900
2015-04-02,6.700000,6.990000,6.700000,6.980000,6.980000,415300
2015-04-06,6.980000,7.080000,6.900000,6.900000,6.900000,223100
2015-04-07,6.990000,7.000000,6.870000,6.890000,6.890000,255000
2015-04-08,6.900000,7.000000,6.860000,7.000000,7.000000,126800
2015-04-09,7.020000,7.050000,6.810000,6.840000,6.840000,244500
2015-04-10,6.910000,6.930000,6.820000,6.900000,6.900000,141200
2015-04-13,11.000000,11.740000,10.500000,11.570000,11.570000,17377500
2015-04-14,12.630000,14.050000,12.590000,13.590000,13.590000,12224500
2015-04-15,13.700000,13.750000,12.790000,13.670000,13.670000,4320600
2015-04-16,13.350000,13.920000,13.230000,13.910000,13.910000,2276600
2015-04-17,13.590000,13.860000,12.980000,12.990000,12.990000,1995600
2015-04-20,13.070000,13.490000,12.830000,12.850000,12.850000,1444200
2015-04-21,12.840000,13.240000,12.640000,13.090000,13.090000,1039700
2015-04-22,13.000000,13.150000,12.840000,13.000000,13.000000,652800
2015-04-23,12.920000,13.040000,12.670000,12.880000,12.880000,610800
2015-04-24,12.920000,13.170000,12.300000,12.790000,12.790000,897400
2015-04-27,12.790000,13.800000,12.700000,13.130000,13.130000,1365400
2015-04-28,13.080000,13.140000,12.700000,13.060000,13.060000,635600
2015-04-29,12.950000,13.020000,12.740000,12.880000,12.880000,432600
2015-04-30,12.820000,12.890000,12.560000,12.760000,12.760000,667800
2015-05-01,12.740000,13.100000,12.700000,12.910000,12.910000,672900
2015-05-04,12.740000,13.000000,12.630000,12.860000,12.860000,767300
2015-05-05,12.750000,12.890000,12.370000,12.520000,12.520000,705900
2015-05-06,12.540000,12.810000,12.380000,12.630000,12.630000,597700
2015-05-07,12.600000,12.850000,12.470000,12.780000,12.780000,346200
2015-05-08,12.840000,12.950000,12.800000,12.860000,12.860000,348500
2015-05-11,12.890000,12.990000,12.660000,12.720000,12.720000,378700
2015-05-12,12.650000,12.740000,12.450000,12.680000,12.680000,325600
2015-05-13,12.710000,12.830000,12.410000,12.530000,12.530000,313500
2015-05-14,12.610000,12.920000,12.350000,12.800000,12.800000,331000
2015-05-15,12.740000,12.800000,12.520000,12.710000,12.710000,341300
2015-05-18,12.690000,12.830000,12.380000,12.790000,12.790000,475200
2015-05-19,12.960000,13.350000,12.890000,13.270000,13.270000,1043100
2015-05-20,13.250000,13.290000,12.840000,12.950000,12.950000,237000
2015-05-21,12.910000,13.160000,12.870000,12.930000,12.930000,168700
2015-05-22,12.930000,12.970000,12.550000,12.600000,12.600000,303500
2015-05-26,12.570000,12.670000,12.300000,12.440000,12.440000,318900
2015-05-27,12.490000,12.740000,12.290000,12.590000,12.590000,367400
2015-05-28,12.490000,12.680000,12.150000,12.390000,12.390000,355900
2015-05-29,12.350000,12.550000,12.160000,12.280000,12.280000,234700
2015-06-01,12.370000,12.500000,11.920000,12.250000,12.250000,315800
2015-06-02,12.190000,12.500000,12.060000,12.400000,12.400000,255400
2015-06-03,12.500000,12.800000,12.440000,12.670000,12.670000,313300
2015-06-04,12.580000,12.720000,12.200000,12.230000,12.230000,151900
2015-06-05,12.230000,12.550000,12.050000,12.350000,12.350000,353400
2015-06-08,12.350000,12.590000,12.300000,12.400000,12.400000,244800
2015-06-09,12.340000,12.470000,12.110000,12.180000,12.180000,270800
2015-06-10,12.260000,12.560000,12.260000,12.550000,12.550000,274500
2015-06-11,12.520000,12.610000,12.210000,12.540000,12.540000,624300
2015-06-12,12.500000,12.570000,12.250000,12.350000,12.350000,320200
2015-06-15,12.590000,13.240000,12.400000,13.080000,13.080000,1093400
2015-06-16,13.050000,13.290000,12.930000,13.280000,13.280000,531700
2015-06-17,13.310000,13.640000,13.040000,13.250000,13.250000,433200
2015-06-18,13.340000,13.520000,13.270000,13.310000,13.310000,577300
2015-06-19,13.360000,13.770000,13.280000,13.690000,13.690000,3276500
2015-06-22,13.830000,13.840000,13.470000,13.580000,13.580000,441400
2015-06-23,13.620000,13.880000,13.500000,13.850000,13.850000,471800
2015-06-24,13.860000,14.240000,13.450000,13.600000,13.600000,641500
2015-06-25,13.600000,13.830000,13.450000,13.620000,13.620000,319700
2015-06-26,13.630000,13.740000,13.370000,13.390000,13.390000,699200
2015-06-29,13.290000,13.330000,12.710000,12.780000,12.780000,491100
2015-06-30,12.830000,12.950000,12.650000,12.840000,12.840000,1024000
2015-07-01,13.040000,13.190000,12.630000,12.850000,12.850000,278800
2015-07-02,12.860000,13.000000,12.560000,12.670000,12.670000,227000
2015-07-06,12.580000,12.890000,12.510000,12.690000,12.690000,251300
2015-07-07,12.680000,12.680000,12.120000,12.590000,12.590000,393200
2015-07-08,12.480000,12.480000,11.980000,12.050000,12.050000,266800
2015-07-09,12.290000,12.490000,12.190000,12.200000,12.200000,374600
2015-07-10,12.300000,12.710000,12.280000,12.690000,12.690000,186200
2015-07-13,12.900000,12.900000,12.500000,12.680000,12.680000,295900
2015-07-14,12.650000,12.850000,12.570000,12.620000,12.620000,204200
2015-07-15,12.660000,12.660000,12.130000,12.230000,12.230000,362400
2015-07-16,12.250000,12.500000,12.220000,12.430000,12.430000,494100
2015-07-17,12.450000,12.740000,12.410000,12.710000,12.710000,470100
2015-07-20,12.790000,13.100000,12.550000,13.020000,13.020000,376500
2015-07-21,13.070000,13.420000,12.980000,13.390000,13.390000,785100
2015-07-22,13.320000,13.900000,13.190000,13.850000,13.850000,1604200
2015-07-23,13.800000,14.090000,13.740000,13.950000,13.950000,1891300
2015-07-24,14.500000,14.500000,13.390000,13.390000,13.390000,1614800
2015-07-27,13.040000,13.450000,12.390000,13.210000,13.210000,1140700
2015-07-28,12.990000,13.620000,12.640000,12.900000,12.900000,1632900
2015-07-29,13.370000,13.860000,13.290000,13.800000,13.800000,8712400
2015-07-30,14.010000,14.770000,13.660000,14.750000,14.750000,3789300
2015-07-31,14.840000,15.200000,14.700000,15.040000,15.040000,2204600
2015-08-03,15.100000,15.390000,14.870000,15.280000,15.280000,2452000
2015-08-04,15.220000,15.470000,14.700000,14.790000,14.790000,1847100
2015-08-05,14.620000,14.910000,14.200000,14.340000,14.340000,1250000
2015-08-06,14.300000,14.660000,14.120000,14.260000,14.260000,1279200
2015-08-07,14.160000,14.340000,13.910000,14.230000,14.230000,1838200
2015-08-10,14.260000,14.620000,14.190000,14.540000,14.540000,1016500
2015-08-11,14.460000,14.840000,14.440000,14.480000,14.480000,1127500
2015-08-12,14.520000,14.570000,13.810000,14.180000,14.180000,964900
2015-08-13,14.260000,14.840000,14.220000,14.640000,14.640000,895500
2015-08-14,14.510000,14.510000,14.020000,14.270000,14.270000,792700
2015-08-17,14.160000,14.500000,14.000000,14.370000,14.370000,592400
2015-08-18,14.410000,15.090000,14.100000,14.930000,14.930000,1397900
2015-08-19,14.900000,15.500000,14.610000,15.350000,15.350000,1893300
2015-08-20,15.250000,15.470000,14.810000,14.900000,14.900000,1484400
2015-08-21,14.720000,15.190000,14.590000,14.920000,14.920000,1414000
2015-08-24,13.920000,14.920000,12.900000,14.020000,14.020000,1699500
2015-08-25,14.510000,14.790000,13.510000,13.520000,13.520000,1222600
2015-08-26,13.850000,13.980000,13.230000,13.830000,13.830000,1145900
2015-08-27,14.060000,14.430000,13.720000,14.360000,14.360000,1359600
2015-08-28,14.230000,14.750000,14.140000,14.480000,14.480000,790900
2015-08-31,14.480000,14.940000,14.290000,14.810000,14.810000,1280400
2015-09-01,14.470000,14.620000,14.190000,14.390000,14.390000,1007600
2015-09-02,14.620000,15.460000,14.400000,15.450000,15.450000,1787200
2015-09-03,15.400000,15.690000,15.180000,15.330000,15.330000,1692100
2015-09-04,15.060000,15.500000,14.890000,15.320000,15.320000,1395600
2015-09-08,15.810000,16.000000,15.530000,15.730000,15.730000,1364300
2015-09-09,15.940000,16.430000,15.800000,16.040001,16.040001,2352000
2015-09-10,15.740000,16.450001,15.660000,16.230000,16.230000,1763800
2015-09-11,16.110001,16.440001,16.040001,16.200001,16.200001,1284900
2015-09-14,16.320000,16.690001,16.230000,16.440001,16.440001,1040400
2015-09-15,16.490000,16.639999,16.230000,16.260000,16.260000,754600
2015-09-16,16.200001,16.469999,15.980000,16.360001,16.360001,1580200
2015-09-17,16.400000,16.450001,15.600000,15.780000,15.780000,2246100
2015-09-18,15.110000,15.880000,15.010000,15.350000,15.350000,2611700
2015-09-21,15.550000,15.850000,15.150000,15.310000,15.310000,1335700
2015-09-22,15.160000,15.410000,14.820000,14.910000,14.910000,1009300
2015-09-23,14.950000,15.060000,14.760000,14.960000,14.960000,598000
2015-09-24,14.870000,14.870000,14.180000,14.490000,14.490000,1660400
2015-09-25,14.650000,14.750000,13.820000,13.930000,13.930000,1047800
2015-09-28,13.880000,13.900000,13.130000,13.210000,13.210000,1555800
2015-09-29,13.230000,13.520000,12.340000,12.490000,12.490000,2449800
2015-09-30,12.590000,12.850000,12.510000,12.680000,12.680000,2639700
2015-10-01,12.750000,13.190000,12.500000,13.150000,13.150000,1490000
2015-10-02,12.900000,13.220000,12.560000,13.170000,13.170000,1055400
2015-10-05,13.240000,13.950000,13.240000,13.660000,13.660000,1058400
2015-10-06,13.660000,13.990000,13.490000,13.710000,13.710000,1093800
2015-10-07,13.740000,14.440000,13.680000,14.410000,14.410000,1284100
2015-10-08,14.090000,14.720000,14.050000,14.550000,14.550000,1581200
2015-10-09,14.540000,14.770000,14.130000,14.320000,14.320000,732500
2015-10-12,14.280000,14.310000,13.800000,13.860000,13.860000,479700
2015-10-13,13.780000,14.180000,13.350000,13.380000,13.380000,905500
2015-10-14,13.370000,13.370000,12.510000,12.790000,12.790000,1780800
2015-10-15,12.900000,13.230000,12.710000,13.210000,13.210000,884800
2015-10-16,13.160000,13.430000,13.020000,13.250000,13.250000,1012900
2015-10-19,13.200000,13.330000,13.070000,13.220000,13.220000,500300
2015-10-20,13.170000,13.340000,12.510000,12.700000,12.700000,1407100
2015-10-21,12.830000,12.880000,12.390000,12.490000,12.490000,901700
2015-10-22,12.530000,12.870000,12.050000,12.850000,12.850000,1079500
2015-10-23,12.930000,13.360000,12.600000,12.690000,12.690000,660000
2015-10-26,12.890000,12.930000,12.240000,12.310000,12.310000,732400
2015-10-27,12.250000,12.470000,11.580000,11.760000,11.760000,1545900
2015-10-28,11.810000,12.360000,11.670000,12.220000,12.220000,695300
2015-10-29,12.190000,12.220000,11.560000,11.750000,11.750000,986800
2015-10-30,11.670000,11.940000,11.590000,11.820000,11.820000,1346700
2015-11-02,11.800000,12.070000,11.690000,11.960000,11.960000,787700
2015-11-03,11.890000,12.270000,11.730000,12.170000,12.170000,928200
2015-11-04,12.160000,12.810000,12.100000,12.370000,12.370000,1106500
2015-11-05,12.360000,12.540000,12.180000,12.310000,12.310000,812800
2015-11-06,14.210000,15.720000,13.830000,15.250000,15.250000,4610500
2015-11-09,15.400000,15.500000,14.200000,14.660000,14.660000,3420700
2015-11-10,14.580000,14.710000,13.990000,14.440000,14.440000,2081300
2015-11-11,14.530000,14.530000,14.010000,14.370000,14.370000,1083200
2015-11-12,14.180000,14.370000,13.830000,13.880000,13.880000,939500
2015-11-13,13.820000,13.910000,13.580000,13.650000,13.650000,1049700
2015-11-16,13.600000,13.750000,13.260000,13.670000,13.670000,880700
2015-11-17,13.740000,13.800000,12.900000,12.980000,12.980000,1513200
2015-11-18,13.040000,13.150000,12.710000,13.010000,13.010000,866600
2015-11-19,12.950000,13.950000,12.600000,13.560000,13.560000,2699700
2015-11-20,13.000000,13.350000,12.950000,13.210000,13.210000,4588300
2015-11-23,13.240000,13.720000,13.240000,13.690000,13.690000,4264500
2015-11-24,13.730000,13.940000,13.350000,13.480000,13.480000,1275800
2015-11-25,13.450000,13.850000,13.420000,13.820000,13.820000,1077800
2015-11-27,13.860000,14.140000,13.740000,13.910000,13.910000,891200
2015-11-30,14.030000,14.080000,13.330000,13.460000,13.460000,1620600
2015-12-01,13.620000,13.620000,13.090000,13.420000,13.420000,1735400
2015-12-02,13.350000,13.660000,13.260000,13.500000,13.500000,1131600
2015-12-03,13.500000,13.580000,12.920000,13.020000,13.020000,2001300
2015-12-04,13.050000,13.470000,13.020000,13.370000,13.370000,1169900
2015-12-07,13.330000,13.440000,12.520000,12.870000,12.870000,2413300
2015-12-08,12.930000,13.070000,12.640000,12.940000,12.940000,1261300
2015-12-09,12.830000,12.990000,12.110000,12.160000,12.160000,1583400
2015-12-10,12.180000,12.270000,11.940000,12.070000,12.070000,1599100
2015-12-11,11.830000,12.120000,11.740000,11.820000,11.820000,1289700
2015-12-14,11.770000,11.770000,10.140000,10.570000,10.570000,5348000
2015-12-15,10.050000,11.030000,10.020000,10.960000,10.960000,2701600
2015-12-16,11.090000,11.510000,11.030000,11.410000,11.410000,1449200
2015-12-17,11.400000,11.740000,10.790000,10.920000,10.920000,1620100
2015-12-18,10.910000,11.280000,10.750000,10.820000,10.820000,1871000
2015-12-21,10.860000,10.910000,10.450000,10.780000,10.780000,1110900
2015-12-22,10.780000,10.860000,10.500000,10.700000,10.700000,803900
2015-12-23,10.750000,11.160000,10.750000,11.010000,11.010000,899300
2015-12-24,10.980000,11.090000,10.250000,10.920000,10.920000,307000
2015-12-28,10.840000,10.900000,10.460000,10.600000,10.600000,683600
2015-12-29,10.710000,10.800000,10.460000,10.760000,10.760000,1019100
2015-12-30,10.700000,10.980000,10.670000,10.690000,10.690000,733300
2015-12-31,10.500000,11.260000,10.500000,11.080000,11.080000,1405300
2016-01-04,10.830000,11.140000,10.510000,11.090000,11.090000,1859100
2016-01-05,11.160000,11.260000,10.780000,11.180000,11.180000,1395000
2016-01-06,11.010000,11.150000,10.150000,10.420000,10.420000,2280600
2016-01-07,10.030000,10.250000,9.590000,9.650000,9.650000,2409700
2016-01-08,9.710000,9.810000,9.410000,9.470000,9.470000,1665900
2016-01-11,9.490000,9.510000,8.950000,9.160000,9.160000,1840800
2016-01-12,9.290000,9.360000,8.730000,9.030000,9.030000,2357700
2016-01-13,9.040000,9.130000,8.490000,8.520000,8.520000,1573000
2016-01-14,8.550000,8.740000,8.230000,8.600000,8.600000,1519000
2016-01-15,8.330000,8.380000,7.900000,8.170000,8.170000,1472300
2016-01-19,8.300000,8.320000,7.570000,7.630000,7.630000,2166900
2016-01-20,7.440000,7.790000,7.020000,7.630000,7.630000,3064300
2016-01-21,7.660000,8.310000,7.650000,7.820000,7.820000,1863200
2016-01-22,8.020000,8.510000,8.020000,8.280000,8.280000,1630100
2016-01-25,8.150000,8.170000,7.740000,7.800000,7.800000,1457800
2016-01-26,7.800000,8.070000,7.470000,8.040000,8.040000,1266200
2016-01-27,8.010000,8.060000,7.500000,7.580000,7.580000,1248600
2016-01-28,7.780000,7.840000,7.320000,7.600000,7.600000,1363700
2016-01-29,7.700000,8.050000,7.700000,8.030000,8.030000,1186500
2016-02-01,7.970000,8.210000,7.860000,8.150000,8.150000,1173900
2016-02-02,7.990000,8.040000,7.630000,7.750000,7.750000,1396100
2016-02-03,8.030000,8.130000,7.560000,7.800000,7.800000,1895200
2016-02-04,7.800000,8.320000,7.720000,8.220000,8.220000,1172200
2016-02-05,8.130000,8.380000,7.600000,7.630000,7.630000,1904600
2016-02-08,7.480000,7.570000,7.040000,7.250000,7.250000,2518400
2016-02-09,7.170000,7.240000,6.670000,6.760000,6.760000,2448700
2016-02-10,6.980000,7.240000,6.750000,6.940000,6.940000,1566900
2016-02-11,6.810000,7.130000,6.500000,6.590000,6.590000,1590900
2016-02-12,6.690000,6.920000,6.540000,6.640000,6.640000,1130900
2016-02-16,6.780000,7.000000,6.640000,6.980000,6.980000,1366600
2016-02-17,7.000000,7.250000,7.000000,7.030000,7.030000,1867100
2016-02-18,7.050000,7.310000,6.780000,6.910000,6.910000,1309800
2016-02-19,6.860000,6.930000,6.720000,6.760000,6.760000,1427600
2016-02-22,6.890000,7.550000,6.890000,7.390000,7.390000,1803800
2016-02-23,7.360000,7.400000,7.090000,7.200000,7.200000,1111900
2016-02-24,7.040000,7.360000,7.010000,7.350000,7.350000,913100
2016-02-25,7.370000,7.490000,7.200000,7.370000,7.370000,728900
2016-02-26,7.450000,7.920000,7.410000,7.900000,7.900000,1184400
2016-02-29,8.000000,8.380000,7.900000,7.930000,7.930000,1987900
2016-03-01,7.970000,8.510000,7.970000,8.490000,8.490000,2646900
2016-03-02,8.550000,8.680000,8.300000,8.630000,8.630000,1810000
2016-03-03,8.640000,8.700000,8.290000,8.650000,8.650000,1502400
2016-03-04,9.020000,10.200000,8.840000,9.790000,9.790000,4879200
2016-03-07,9.650000,10.040000,9.650000,10.000000,10.000000,2219600
2016-03-08,9.910000,10.040000,9.630000,9.740000,9.740000,1586000
2016-03-09,9.780000,9.910000,9.270000,9.430000,9.430000,1070100
2016-03-10,9.510000,9.590000,9.070000,9.260000,9.260000,774200
2016-03-11,9.380000,9.710000,9.050000,9.690000,9.690000,697500
2016-03-14,9.660000,10.010000,9.590000,9.990000,9.990000,1162700
2016-03-15,9.900000,10.010000,9.290000,9.350000,9.350000,780800
2016-03-16,9.310000,9.750000,9.260000,9.710000,9.710000,1388500
2016-03-17,9.620000,10.060000,9.590000,10.010000,10.010000,638600
2016-03-18,10.080000,10.380000,9.990000,10.110000,10.110000,2111800
2016-03-21,10.080000,10.260000,9.860000,9.900000,9.900000,663000
2016-03-22,9.840000,10.190000,9.760000,10.110000,10.110000,673900
2016-03-23,10.090000,10.450000,10.090000,10.220000,10.220000,2053100
2016-03-24,10.120000,10.240000,9.960000,10.140000,10.140000,561200
2016-03-28,10.160000,10.370000,9.920000,10.290000,10.290000,748900
2016-03-29,10.240000,10.870000,10.180000,10.670000,10.670000,1595200
2016-03-30,10.790000,10.850000,10.500000,10.640000,10.640000,1121800
2016-03-31,10.650000,11.340000,10.610000,11.270000,11.270000,1733800
2016-04-01,11.070000,11.500000,10.960000,11.410000,11.410000,1110700
2016-04-04,11.410000,11.510000,11.030000,11.080000,11.080000,963700
2016-04-05,10.920000,11.330000,10.760000,11.280000,11.280000,832800
2016-04-06,11.330000,11.800000,11.230000,11.730000,11.730000,1063400
2016-04-07,11.580000,11.840000,11.360000,11.550000,11.550000,1108700
2016-04-08,11.720000,11.890000,11.340000,11.660000,11.660000,692200
2016-04-11,11.760000,12.190000,11.660000,11.860000,11.860000,1074100
2016-04-12,11.890000,12.040000,11.630000,11.710000,11.710000,847800
2016-04-13,11.840000,12.070000,11.710000,11.980000,11.980000,862000
2016-04-14,11.970000,12.010000,11.760000,11.890000,11.890000,882100
2016-04-15,11.900000,12.190000,11.800000,12.030000,12.030000,949400
2016-04-18,11.990000,12.320000,11.850000,12.100000,12.100000,535900
2016-04-19,12.120000,12.170000,11.910000,12.020000,12.020000,648200
2016-04-20,11.940000,12.500000,11.940000,12.200000,12.200000,845600
2016-04-21,12.300000,12.770000,12.280000,12.300000,12.300000,886500
2016-04-22,12.350000,12.570000,12.340000,12.400000,12.400000,1061500
2016-04-25,12.380000,12.590000,12.090000,12.210000,12.210000,499800
2016-04-26,12.230000,12.280000,11.940000,12.140000,12.140000,917600
2016-04-27,12.090000,12.170000,11.970000,12.030000,12.030000,900100
2016-04-28,11.920000,12.020000,11.340000,11.400000,11.400000,940000
2016-04-29,11.380000,11.390000,10.820000,11.090000,11.090000,1548800
2016-05-02,11.150000,11.460000,10.940000,11.440000,11.440000,981600
2016-05-03,11.320000,11.360000,10.910000,10.980000,10.980000,1646800
2016-05-04,10.900000,11.330000,10.830000,11.130000,11.130000,1119700
2016-05-05,11.170000,11.530000,11.080000,11.290000,11.290000,1713500
2016-05-06,11.480000,11.610000,10.170000,10.860000,10.860000,3084300
2016-05-09,10.860000,11.440000,10.860000,11.120000,11.120000,1869600
2016-05-10,11.160000,11.390000,11.050000,11.360000,11.360000,1407600
2016-05-11,11.300000,11.830000,11.170000,11.530000,11.530000,1415600
2016-05-12,11.600000,11.750000,11.390000,11.500000,11.500000,1135800
2016-05-13,11.410000,11.620000,11.210000,11.240000,11.240000,1925100
2016-05-16,11.340000,11.380000,11.050000,11.060000,11.060000,1968500
2016-05-17,11.090000,11.440000,10.640000,11.170000,11.170000,1557200
2016-05-18,11.120000,11.330000,10.820000,10.930000,10.930000,1640600
2016-05-19,10.660000,11.490000,10.640000,11.440000,11.440000,9465900
2016-05-20,11.530000,11.730000,11.160000,11.640000,11.640000,1569500
2016-05-23,11.540000,11.990000,11.440000,11.760000,11.760000,1807500
2016-05-24,11.840000,12.030000,11.650000,11.950000,11.950000,1398000
2016-05-25,12.030000,12.260000,11.800000,11.880000,11.880000,2041500
2016-05-26,11.910000,12.020000,11.470000,11.640000,11.640000,2515700
2016-05-27,11.660000,11.900000,11.590000,11.780000,11.780000,2201200
2016-05-31,11.890000,12.020000,11.620000,11.760000,11.760000,1200900
2016-06-01,11.990000,12.180000,11.740000,12.070000,12.070000,2299100
2016-06-02,11.960000,12.310000,11.940000,12.290000,12.290000,1877300
2016-06-03,12.310000,12.330000,11.850000,11.880000,11.880000,1370300
2016-06-06,11.890000,12.000000,11.720000,11.960000,11.960000,1063000
2016-06-07,11.960000,12.200000,11.840000,12.140000,12.140000,1141400
2016-06-08,12.180000,12.340000,12.090000,12.300000,12.300000,1224600
2016-06-09,12.220000,12.310000,12.060000,12.110000,12.110000,802600
2016-06-10,11.890000,12.030000,11.690000,11.740000,11.740000,1013700
2016-06-13,11.610000,11.750000,11.290000,11.330000,11.330000,1300700
2016-06-14,11.290000,11.370000,10.980000,11.040000,11.040000,1375300
2016-06-15,11.050000,11.200000,10.890000,11.000000,11.000000,1897400
2016-06-16,11.130000,11.130000,10.660000,10.870000,10.870000,1014200
2016-06-17,10.930000,11.170000,10.800000,11.070000,11.070000,2145400
2016-06-20,11.200000,11.580000,11.040000,11.410000,11.410000,1149800
2016-06-21,11.420000,11.640000,11.070000,11.320000,11.320000,1065400
2016-06-22,11.320000,11.330000,10.930000,11.020000,11.020000,976400
2016-06-23,11.190000,11.720000,11.070000,11.720000,11.720000,947600
2016-06-24,10.990000,11.290000,10.750000,10.930000,10.930000,4715800
2016-06-27,10.740000,10.900000,10.150000,10.190000,10.190000,2291000
2016-06-28,10.340000,10.990000,10.340000,10.680000,10.680000,1219500
2016-06-29,10.920000,11.160000,10.710000,11.030000,11.030000,1139000
2016-06-30,10.780000,11.260000,10.780000,11.250000,11.250000,816900
2016-07-01,11.280000,11.780000,10.990000,11.560000,11.560000,601800
2016-07-05,11.500000,11.770000,11.010000,11.260000,11.260000,1327500
2016-07-06,11.180000,11.640000,11.110000,11.620000,11.620000,1447800
2016-07-07,11.650000,11.900000,11.610000,11.820000,11.820000,1073300
2016-07-08,11.960000,12.450000,11.720000,12.340000,12.340000,1660700
2016-07-11,12.480000,12.860000,12.480000,12.750000,12.750000,1289700
2016-07-12,12.880000,13.020000,12.630000,12.810000,12.810000,1276900
2016-07-13,12.880000,12.950000,12.630000,12.630000,12.630000,772500
2016-07-14,12.860000,12.860000,12.540000,12.670000,12.670000,744400
2016-07-15,12.760000,12.840000,12.510000,12.820000,12.820000,749800
2016-07-18,12.810000,13.240000,12.660000,13.090000,13.090000,1042400
2016-07-19,13.100000,13.100000,12.820000,12.880000,12.880000,648200
2016-07-20,12.940000,13.090000,12.780000,12.950000,12.950000,586200
2016-07-21,12.980000,13.040000,12.730000,12.820000,12.820000,679300
2016-07-22,12.810000,13.000000,12.630000,12.900000,12.900000,494000
2016-07-25,12.920000,13.220000,12.920000,12.980000,12.980000,741300
2016-07-26,13.030000,13.160000,12.930000,13.090000,13.090000,769900
2016-07-27,13.150000,13.380000,12.870000,13.090000,13.090000,1218400
2016-07-28,13.100000,13.350000,13.020000,13.100000,13.100000,1868600
2016-07-29,13.120000,13.160000,12.730000,12.890000,12.890000,1793200
2016-08-01,12.960000,13.330000,12.660000,12.980000,12.980000,1757600
2016-08-02,12.950000,13.150000,12.780000,12.830000,12.830000,1144900
2016-08-03,12.860000,13.170000,12.750000,13.110000,13.110000,892000
2016-08-04,13.130000,13.240000,12.770000,13.110000,13.110000,1102200
2016-08-05,12.000000,12.990000,12.000000,12.560000,12.560000,2305800
2016-08-08,12.440000,12.850000,12.430000,12.440000,12.440000,1007100
2016-08-09,12.440000,12.520000,12.030000,12.400000,12.400000,1175800
2016-08-10,12.450000,12.840000,12.070000,12.420000,12.420000,990700
2016-08-11,12.470000,12.660000,12.310000,12.450000,12.450000,899000
2016-08-12,12.440000,12.570000,12.110000,12.290000,12.290000,1728700
2016-08-15,12.400000,12.570000,12.170000,12.450000,12.450000,719600
2016-08-16,12.430000,12.590000,12.250000,12.540000,12.540000,1131900
2016-08-17,12.600000,12.650000,12.360000,12.560000,12.560000,1712600
2016-08-18,12.560000,12.740000,12.300000,12.640000,12.640000,902600
2016-08-19,12.630000,12.720000,12.550000,12.620000,12.620000,1024000
2016-08-22,12.510000,12.750000,12.250000,12.680000,12.680000,1101000
2016-08-23,12.750000,13.240000,12.710000,13.090000,13.090000,1243200
2016-08-24,13.110000,13.120000,12.820000,12.880000,12.880000,746200
2016-08-25,12.850000,12.980000,12.800000,12.960000,12.960000,868400
2016-08-26,13.010000,13.320000,12.780000,13.010000,13.010000,1317700
2016-08-29,13.100000,13.760000,13.100000,13.600000,13.600000,1474600
2016-08-30,13.650000,14.030000,13.580000,14.030000,14.030000,1177500
2016-08-31,14.070000,14.090000,13.550000,13.740000,13.740000,1177300
2016-09-01,13.770000,13.780000,13.250000,13.530000,13.530000,773000
2016-09-02,13.550000,13.690000,13.240000,13.420000,13.420000,788500
2016-09-06,13.640000,13.780000,13.200000,13.330000,13.330000,856300
2016-09-07,13.480000,13.790000,13.330000,13.620000,13.620000,1382300
2016-09-08,13.610000,13.760000,13.480000,13.610000,13.610000,812900
2016-09-09,13.430000,13.430000,12.520000,12.620000,12.620000,1749400
2016-09-12,12.490000,12.670000,12.400000,12.670000,12.670000,1221800
2016-09-13,12.580000,12.620000,12.200000,12.310000,12.310000,1080700
2016-09-14,12.360000,12.520000,12.080000,12.260000,12.260000,833900
2016-09-15,12.470000,12.470000,12.190000,12.240000,12.240000,472200
2016-09-16,12.200000,12.220000,11.770000,11.850000,11.850000,1240800
2016-09-19,11.980000,12.380000,11.910000,12.020000,12.020000,705700
2016-09-20,12.140000,12.190000,11.390000,11.510000,11.510000,1634600
2016-09-21,11.540000,11.740000,11.340000,11.710000,11.710000,1533700
2016-09-22,11.780000,12.070000,11.590000,11.810000,11.810000,1311600
2016-09-23,11.810000,12.010000,11.620000,11.760000,11.760000,932500
2016-09-26,11.630000,11.870000,11.610000,11.670000,11.670000,438200
2016-09-27,11.700000,11.730000,11.470000,11.730000,11.730000,796900
2016-09-28,11.730000,11.820000,11.470000,11.730000,11.730000,1131500
2016-09-29,11.720000,11.720000,11.310000,11.400000,11.400000,692200
2016-09-30,11.540000,11.650000,11.250000,11.510000,11.510000,1205400
2016-10-03,11.450000,11.580000,11.300000,11.400000,11.400000,793200
2016-10-04,11.390000,11.560000,11.230000,11.350000,11.350000,375900
2016-10-05,11.380000,11.520000,11.260000,11.320000,11.320000,829500
2016-10-06,11.270000,11.840000,11.250000,11.760000,11.760000,1061800
2016-10-07,11.610000,11.650000,11.190000,11.210000,11.210000,758900
2016-10-10,11.350000,11.580000,11.310000,11.460000,11.460000,413500
2016-10-11,11.400000,11.550000,11.030000,11.180000,11.180000,567200
2016-10-12,11.150000,11.290000,11.030000,11.120000,11.120000,412500
2016-10-13,11.020000,11.280000,11.020000,11.120000,11.120000,794300
2016-10-14,11.190000,11.420000,10.860000,10.870000,10.870000,718700
2016-10-17,10.790000,10.850000,10.450000,10.620000,10.620000,1360600
2016-10-18,10.750000,10.830000,10.270000,10.280000,10.280000,1949000
2016-10-19,10.330000,10.540000,10.210000,10.430000,10.430000,2001500
2016-10-20,10.380000,10.510000,10.290000,10.420000,10.420000,1499500
2016-10-21,10.300000,10.400000,10.200000,10.380000,10.380000,883200
2016-10-24,10.480000,10.660000,10.370000,10.400000,10.400000,748900
2016-10-25,10.350000,10.350000,9.730000,9.730000,9.730000,2111300
2016-10-26,9.640000,9.770000,9.600000,9.710000,9.710000,1370500
2016-10-27,9.760000,9.870000,9.610000,9.730000,9.730000,1137200
2016-10-28,9.710000,9.820000,9.510000,9.570000,9.570000,1535000
2016-10-31,9.590000,10.000000,9.500000,9.670000,9.670000,463100
2016-11-01,9.720000,9.890000,9.590000,9.710000,9.710000,1243400
2016-11-02,9.710000,9.750000,9.420000,9.430000,9.430000,1106900
2016-11-03,9.480000,9.520000,9.120000,9.390000,9.390000,3473300
2016-11-04,9.290000,10.130000,9.040000,9.140000,9.140000,2075300
2016-11-07,9.350000,9.720000,9.260000,9.540000,9.540000,2041600
2016-11-08,9.510000,9.620000,9.380000,9.460000,9.460000,1484500
2016-11-09,9.390000,9.620000,9.140000,9.460000,9.460000,2480100
2016-11-10,9.620000,10.200000,9.470000,10.100000,10.100000,2679900
2016-11-11,10.080000,10.410000,10.070000,10.350000,10.350000,1525100
2016-11-14,10.480000,10.700000,10.290000,10.390000,10.390000,1294400
2016-11-15,10.350000,10.720000,10.130000,10.660000,10.660000,1504700
2016-11-16,10.570000,10.780000,10.450000,10.750000,10.750000,1223700
2016-11-17,10.840000,11.290000,10.340000,11.100000,11.100000,1752600
2016-11-18,11.160000,11.410000,11.040000,11.190000,11.190000,1140300
2016-11-21,11.280000,11.500000,11.150000,11.320000,11.320000,1170800
2016-11-22,11.550000,11.860000,11.340000,11.420000,11.420000,1914400
2016-11-23,11.470000,11.780000,11.450000,11.610000,11.610000,1480100
2016-11-25,11.640000,11.840000,11.570000,11.830000,11.830000,323600
2016-11-28,11.840000,11.890000,11.090000,11.140000,11.140000,1252800
2016-11-29,11.100000,11.200000,10.880000,11.040000,11.040000,1104900
2016-11-30,11.170000,11.370000,10.870000,11.060000,11.060000,980200
2016-12-01,11.090000,11.100000,10.750000,10.830000,10.830000,1032100
2016-12-02,10.820000,10.820000,10.550000,10.570000,10.570000,1708200
2016-12-05,10.610000,11.130000,10.510000,11.100000,11.100000,1322800
2016-12-06,11.120000,11.420000,11.000000,11.380000,11.380000,1250000
2016-12-07,11.400000,11.780000,11.240000,11.670000,11.670000,1933300
2016-12-08,11.710000,12.220000,11.680000,12.040000,12.040000,1517900
2016-12-09,12.060000,12.280000,11.910000,12.080000,12.080000,1392500
2016-12-12,12.080000,12.240000,11.820000,12.070000,12.070000,1056600
2016-12-13,12.130000,12.210000,11.910000,11.940000,11.940000,1315100
2016-12-14,11.890000,11.960000,11.330000,11.340000,11.340000,992400
2016-12-15,11.410000,11.700000,11.150000,11.370000,11.370000,1803000
2016-12-16,11.420000,11.630000,11.360000,11.550000,11.550000,1679200
2016-12-19,11.500000,11.650000,11.350000,11.390000,11.390000,829700
2016-12-20,11.480000,11.760000,11.360000,11.580000,11.580000,1434600
2016-12-21,11.550000,11.650000,11.490000,11.580000,11.580000,646600
2016-12-22,11.600000,11.610000,11.290000,11.310000,11.310000,451800
2016-12-23,11.350000,11.400000,11.220000,11.330000,11.330000,499000
2016-12-27,11.370000,11.570000,11.300000,11.350000,11.350000,449400
2016-12-28,11.410000,11.410000,11.070000,11.120000,11.120000,767700
2016-12-29,11.110000,11.270000,11.030000,11.120000,11.120000,523800
2016-12-30,11.140000,11.150000,10.910000,10.970000,10.970000,793500
2017-01-03,11.220000,11.650000,11.070000,11.640000,11.640000,1088300
2017-01-04,11.750000,12.080000,11.590000,12.020000,12.020000,978500
2017-01-05,11.970000,12.050000,11.700000,11.760000,11.760000,784400
2017-01-06,11.650000,11.700000,11.330000,11.370000,11.370000,1275900
2017-01-09,11.300000,11.450000,11.070000,11.260000,11.260000,726700
2017-01-10,11.320000,11.540000,11.220000,11.530000,11.530000,665500
2017-01-11,11.510000,11.600000,11.300000,11.530000,11.530000,658200
2017-01-12,11.510000,11.510000,11.120000,11.360000,11.360000,502600
2017-01-13,11.360000,11.800000,11.310000,11.690000,11.690000,741700
2017-01-17,11.610000,11.610000,11.270000,11.340000,11.340000,545400
2017-01-18,11.380000,11.450000,11.170000,11.290000,11.290000,535400
2017-01-19,11.260000,11.430000,10.980000,11.010000,11.010000,540800
2017-01-20,11.050000,11.150000,10.860000,10.920000,10.920000,429800
2017-01-23,10.840000,10.970000,10.670000,10.790000,10.790000,876700
2017-01-24,10.990000,11.600000,10.890000,11.430000,11.430000,2392000
2017-01-25,11.800000,11.960000,11.620000,11.890000,11.890000,1167300
2017-01-26,11.930000,12.130000,11.610000,11.610000,11.610000,860800
2017-01-27,11.570000,11.610000,11.250000,11.380000,11.380000,554300
2017-01-30,11.250000,11.260000,10.800000,10.860000,10.860000,1160800
2017-01-31,10.770000,10.840000,10.570000,10.760000,10.760000,1110900
2017-02-01,10.920000,11.000000,10.690000,10.810000,10.810000,467600
2017-02-02,10.750000,11.100000,10.660000,11.000000,11.000000,899400
2017-02-03,11.140000,11.350000,11.030000,11.320000,11.320000,867200
2017-02-06,11.260000,11.660000,11.140000,11.650000,11.650000,1695800
2017-02-07,11.650000,11.820000,11.420000,11.590000,11.590000,1192700
2017-02-08,11.730000,11.800000,11.430000,11.790000,11.790000,1014200
2017-02-09,11.820000,12.370000,11.780000,12.280000,12.280000,1276400
2017-02-10,12.300000,12.490000,12.190000,12.380000,12.380000,809100
2017-02-13,12.500000,12.650000,12.310000,12.400000,12.400000,726900
2017-02-14,12.370000,12.590000,12.230000,12.520000,12.520000,789000
2017-02-15,12.470000,12.750000,12.380000,12.680000,12.680000,1100600
2017-02-16,12.680000,12.840000,12.440000,12.610000,12.610000,704200
2017-02-17,12.590000,12.590000,12.350000,12.510000,12.510000,467300
2017-02-21,12.550000,12.700000,12.420000,12.480000,12.480000,802700
2017-02-22,12.420000,12.630000,12.340000,12.430000,12.430000,607700
2017-02-23,12.520000,12.520000,12.120000,12.410000,12.410000,652900
2017-02-24,12.180000,12.380000,12.180000,12.240000,12.240000,678700
2017-02-27,12.270000,12.860000,12.140000,12.820000,12.820000,1249300
2017-02-28,12.750000,13.080000,12.720000,12.940000,12.940000,2651600
2017-03-01,13.990000,15.000000,13.960000,14.540000,14.540000,4803000
2017-03-02,14.840000,15.710000,14.730000,15.150000,15.150000,6474600
2017-03-03,14.860000,15.220000,14.380000,15.150000,15.150000,9594000
2017-03-06,15.210000,15.520000,14.930000,15.040000,15.040000,2860800
2017-03-07,15.040000,15.180000,14.480000,14.540000,14.540000,2507000
2017-03-08,14.630000,15.140000,14.540000,14.910000,14.910000,2486700
2017-03-09,14.820000,15.060000,14.610000,14.850000,14.850000,1797500
2017-03-10,15.120000,15.280000,14.890000,15.270000,15.270000,2848500
2017-03-13,15.220000,15.410000,15.130000,15.350000,15.350000,1879900
2017-03-14,15.200000,15.360000,15.060000,15.120000,15.120000,1527400
2017-03-15,15.290000,15.590000,15.190000,15.430000,15.430000,2090900
2017-03-16,15.540000,15.800000,15.490000,15.750000,15.750000,2141600
2017-03-17,15.750000,15.850000,15.410000,15.630000,15.630000,1897000
2017-03-20,15.560000,15.750000,14.890000,15.040000,15.040000,1641400
2017-03-21,15.120000,15.200000,14.450000,14.470000,14.470000,1814900
2017-03-22,14.330000,14.640000,14.150000,14.400000,14.400000,1229000
2017-03-23,14.400000,14.780000,14.160000,14.510000,14.510000,821400
2017-03-24,14.570000,14.700000,14.280000,14.440000,14.440000,613100
2017-03-27,14.250000,14.530000,14.040000,14.470000,14.470000,769200
2017-03-28,14.540000,14.760000,14.430000,14.650000,14.650000,865500
2017-03-29,14.570000,14.870000,14.550000,14.860000,14.860000,860300
2017-03-30,14.840000,14.970000,14.690000,14.840000,14.840000,845200
2017-03-31,14.810000,15.170000,14.570000,14.900000,14.900000,1245500
2017-04-03,14.950000,15.030000,14.430000,14.640000,14.640000,877500
2017-04-04,14.650000,14.940000,14.600000,14.880000,14.880000,1265100
2017-04-05,15.070000,15.150000,14.770000,14.860000,14.860000,1285100
2017-04-06,14.860000,15.110000,14.810000,15.080000,15.080000,965100
2017-04-07,15.030000,15.190000,14.880000,15.090000,15.090000,1035400
2017-04-10,15.110000,15.440000,15.030000,15.230000,15.230000,992500
2017-04-11,15.190000,15.430000,15.100000,15.370000,15.370000,792300
2017-04-12,15.340000,15.370000,14.950000,15.070000,15.070000,741500
2017-04-13,15.040000,15.160000,14.590000,14.780000,14.780000,744800
2017-04-17,14.840000,14.960000,14.630000,14.840000,14.840000,763400
2017-04-18,14.730000,15.060000,14.650000,14.930000,14.930000,771700
2017-04-19,15.030000,15.250000,14.960000,14.990000,14.990000,814500
2017-04-20,15.100000,15.440000,15.030000,15.310000,15.310000,903000
2017-04-21,15.300000,15.440000,15.120000,15.390000,15.390000,760600
2017-04-24,15.770000,16.090000,15.640000,15.830000,15.830000,1171600
2017-04-25,16.010000,16.160000,15.890000,16.100000,16.100000,1768200
2017-04-26,16.129999,16.219999,15.960000,16.000000,16.000000,1148800
2017-04-27,16.010000,16.170000,15.860000,16.049999,16.049999,906300
2017-04-28,16.090000,16.150000,15.870000,16.010000,16.010000,1177600
2017-05-01,16.010000,16.230000,15.930000,16.209999,16.209999,1205600
2017-05-02,16.299999,16.500000,16.090000,16.389999,16.389999,1658000
2017-05-03,16.270000,16.400000,15.830000,15.910000,15.910000,1380700
2017-05-04,15.920000,16.100000,15.800000,16.049999,16.049999,759800
2017-05-05,16.070000,16.080000,15.860000,16.010000,16.010000,798800
2017-05-08,15.970000,16.040001,15.290000,15.500000,15.500000,1779700
2017-05-09,15.890000,16.230000,14.750000,15.340000,15.340000,4148200
2017-05-10,15.320000,15.350000,14.750000,14.890000,14.890000,2654700
2017-05-11,14.760000,14.890000,14.490000,14.810000,14.810000,1741800
2017-05-12,14.680000,14.800000,14.210000,14.240000,14.240000,1671500
2017-05-15,14.250000,14.480000,14.190000,14.470000,14.470000,1720500
2017-05-16,14.560000,14.710000,14.310000,14.670000,14.670000,1556700
2017-05-17,14.270000,14.540000,13.950000,14.020000,14.020000,1715500
2017-05-18,13.980000,14.100000,13.810000,13.930000,13.930000,1188300
2017-05-19,14.030000,14.410000,13.950000,14.220000,14.220000,1114900
2017-05-22,14.300000,14.360000,14.050000,14.160000,14.160000,818700
2017-05-23,14.250000,14.260000,13.880000,13.940000,13.940000,1146100
2017-05-24,13.930000,13.990000,13.700000,13.770000,13.770000,745900
2017-05-25,13.850000,13.970000,13.710000,13.810000,13.810000,895000
2017-05-26,13.770000,13.900000,13.570000,13.890000,13.890000,1001800
2017-05-30,13.830000,13.830000,13.370000,13.520000,13.520000,1001300
2017-05-31,13.470000,13.680000,13.330000,13.660000,13.660000,1480300
2017-06-01,13.730000,14.030000,13.600000,13.950000,13.950000,1281000
2017-06-02,13.970000,14.480000,13.950000,14.420000,14.420000,849200
2017-06-05,14.400000,14.400000,14.030000,14.050000,14.050000,743400
2017-06-06,13.890000,14.120000,13.800000,13.960000,13.960000,735000
2017-06-07,13.970000,14.250000,13.890000,14.230000,14.230000,1410900
2017-06-08,14.220000,15.070000,14.140000,14.900000,14.900000,1391000
2017-06-09,14.880000,15.040000,14.530000,14.790000,14.790000,1359300
2017-06-12,14.800000,15.030000,14.790000,14.890000,14.890000,842400
2017-06-13,14.940000,15.360000,14.920000,15.310000,15.310000,1064100
2017-06-14,15.370000,15.620000,15.220000,15.570000,15.570000,963800
2017-06-15,15.370000,15.630000,15.180000,15.360000,15.360000,739800
2017-06-16,15.240000,15.350000,15.070000,15.310000,15.310000,1134200
2017-06-19,15.410000,15.570000,15.130000,15.330000,15.330000,1167800
2017-06-20,15.300000,15.360000,14.990000,15.040000,15.040000,675700
2017-06-21,15.100000,15.100000,14.660000,14.700000,14.700000,608700
2017-06-22,14.730000,14.940000,14.620000,14.800000,14.800000,1193100
2017-06-23,14.810000,15.130000,14.630000,15.100000,15.100000,1858300
2017-06-26,15.130000,15.250000,14.850000,14.950000,14.950000,670400
2017-06-27,14.890000,15.150000,14.810000,14.850000,14.850000,753400
2017-06-28,14.960000,15.550000,14.890000,15.430000,15.430000,588500
2017-06-29,15.430000,15.550000,14.880000,15.010000,15.010000,832200
2017-06-30,15.080000,15.430000,15.000000,15.320000,15.320000,587700
2017-07-03,15.300000,15.430000,15.180000,15.340000,15.340000,273500
2017-07-05,15.240000,15.510000,15.070000,15.430000,15.430000,528200
2017-07-06,15.250000,15.330000,15.000000,15.130000,15.130000,893000
2017-07-07,15.160000,15.630000,15.160000,15.590000,15.590000,661100
2017-07-10,15.600000,15.700000,15.350000,15.610000,15.610000,584900
2017-07-11,15.530000,15.940000,15.530000,15.690000,15.690000,589200
2017-07-12,15.750000,16.100000,15.580000,15.820000,15.820000,518700
2017-07-13,15.750000,15.880000,15.640000,15.850000,15.850000,401000
2017-07-14,15.820000,16.070000,15.720000,15.930000,15.930000,356900
2017-07-17,15.870000,16.059999,15.620000,16.020000,16.020000,450800
2017-07-18,15.910000,16.059999,15.730000,15.830000,15.830000,313500
2017-07-19,15.830000,16.129999,15.800000,15.980000,15.980000,361400
2017-07-20,15.950000,16.100000,15.810000,16.049999,16.049999,420400
2017-07-21,16.100000,16.160000,15.790000,15.850000,15.850000,378900
2017-07-24,15.790000,15.880000,15.470000,15.520000,15.520000,387000
2017-07-25,15.630000,15.800000,15.410000,15.770000,15.770000,638000
2017-07-26,15.810000,15.910000,15.570000,15.600000,15.600000,623100
2017-07-27,15.680000,15.830000,15.410000,15.460000,15.460000,597400
2017-07-28,15.400000,15.670000,15.280000,15.510000,15.510000,384500
2017-07-31,15.520000,15.740000,15.440000,15.670000,15.670000,343400
2017-08-01,15.790000,16.309999,15.740000,15.870000,15.870000,972500
2017-08-02,15.860000,16.020000,15.530000,15.630000,15.630000,470600
2017-08-03,15.590000,15.590000,14.970000,15.240000,15.240000,926700
2017-08-04,15.760000,16.830000,15.250000,16.719999,16.719999,1733900
2017-08-07,16.860001,17.219999,16.650000,16.709999,16.709999,1154100
2017-08-08,16.650000,17.000000,16.510000,16.629999,16.629999,748600
2017-08-09,16.500000,16.680000,16.340000,16.530001,16.530001,515500
2017-08-10,16.330000,16.330000,15.880000,16.150000,16.150000,645200
2017-08-11,16.049999,16.410000,15.990000,16.340000,16.340000,605800
2017-08-14,16.480000,16.809999,16.469999,16.559999,16.559999,834700
2017-08-15,16.570000,16.629999,16.320000,16.400000,16.400000,364200
2017-08-16,16.389999,16.410000,16.049999,16.120001,16.120001,585000
2017-08-17,16.000000,16.110001,15.760000,15.820000,15.820000,802600
2017-08-18,15.650000,15.790000,15.420000,15.570000,15.570000,549200
2017-08-21,15.520000,15.550000,14.950000,15.030000,15.030000,880000
2017-08-22,14.820000,15.370000,14.820000,15.230000,15.230000,749700
2017-08-23,15.100000,15.230000,14.760000,14.840000,14.840000,708300
2017-08-24,14.940000,14.950000,14.540000,14.640000,14.640000,804100
2017-08-25,14.750000,14.830000,14.390000,14.590000,14.590000,848300
2017-08-28,15.050000,15.590000,15.000000,15.400000,15.400000,1246400
2017-08-29,15.310000,16.049999,15.180000,16.010000,16.010000,1422700
2017-08-30,16.049999,16.440001,16.040001,16.290001,16.290001,1423500
2017-08-31,16.430000,16.520000,16.200001,16.280001,16.280001,830600
2017-09-01,16.379999,16.690001,16.049999,16.590000,16.590000,1196600
2017-09-05,16.590000,16.799999,16.340000,16.389999,16.389999,1227300
2017-09-06,16.500000,16.900000,16.469999,16.770000,16.770000,1048900
2017-09-07,16.410000,16.740000,16.309999,16.570000,16.570000,9093100
2017-09-08,16.610001,16.870001,16.440001,16.629999,16.629999,2610900
2017-09-11,16.850000,17.090000,16.549999,16.770000,16.770000,2632200
2017-09-12,16.879999,17.040001,16.719999,16.990000,16.990000,1982200
2017-09-13,17.000000,17.000000,16.670000,16.730000,16.730000,1952300
2017-09-14,16.620001,16.750000,16.270000,16.309999,16.309999,1348800
2017-09-15,16.309999,16.440001,16.190001,16.219999,16.219999,1158600
2017-09-18,16.330000,16.600000,16.330000,16.430000,16.430000,834100
2017-09-19,16.410000,16.629999,16.299999,16.490000,16.490000,1058900
2017-09-20,16.480000,16.680000,16.480000,16.620001,16.620001,1515900
2017-09-21,16.639999,17.010000,16.540001,16.750000,16.750000,1527000
2017-09-22,16.740000,17.410000,16.700001,17.309999,17.309999,2133400
2017-09-25,17.400000,17.570000,16.969999,17.330000,17.330000,1259400
2017-09-26,17.440001,17.700001,17.200001,17.540001,17.540001,1405900
2017-09-27,17.639999,17.690001,17.250000,17.610001,17.610001,1660100
2017-09-28,17.600000,17.950001,17.440001,17.690001,17.690001,1201700
2017-09-29,17.809999,18.080000,17.799999,17.990000,17.990000,1984500
2017-10-02,17.950001,18.040001,17.650000,17.740000,17.740000,1292200
2017-10-03,17.770000,18.030001,17.680000,18.010000,18.010000,1142600
2017-10-04,18.120001,18.230000,17.660000,17.719999,17.719999,859600
2017-10-05,17.770000,17.930000,17.469999,17.490000,17.490000,998000
2017-10-06,17.459999,17.940001,17.379999,17.930000,17.930000,852200
2017-10-09,17.930000,17.940001,17.549999,17.709999,17.709999,677800
2017-10-10,17.809999,17.809999,17.260000,17.469999,17.469999,875700
2017-10-11,17.490000,17.750000,17.440001,17.629999,17.629999,636400
2017-10-12,17.650000,17.760000,17.459999,17.680000,17.680000,1004700
2017-10-13,17.680000,17.719999,17.330000,17.389999,17.389999,531700
2017-10-16,17.459999,17.580000,17.250000,17.370001,17.370001,749800
2017-10-17,17.350000,17.440001,17.059999,17.120001,17.120001,534600
2017-10-18,17.110001,17.280001,17.070000,17.209999,17.209999,506100
2017-10-19,17.150000,17.340000,16.930000,17.320000,17.320000,701600
2017-10-20,17.520000,18.200001,17.490000,17.900000,17.900000,1739000
2017-10-23,18.000000,18.100000,17.809999,18.030001,18.030001,901900
2017-10-24,18.129999,18.430000,18.040001,18.059999,18.059999,609900
2017-10-25,17.910000,18.000000,17.059999,17.559999,17.559999,1016200
2017-10-26,17.670000,18.090000,17.600000,17.870001,17.870001,642200
2017-10-27,17.920000,18.010000,17.500000,17.889999,17.889999,558200
2017-10-30,17.809999,17.930000,17.559999,17.790001,17.790001,644200
2017-10-31,17.920000,18.100000,17.770000,18.020000,18.020000,880900
2017-11-01,18.150000,18.209999,17.879999,18.020000,18.020000,1052400
2017-11-02,18.049999,18.110001,17.230000,17.280001,17.280001,1275900
2017-11-03,17.290001,17.650000,17.180000,17.650000,17.650000,1315500
2017-11-06,17.660000,18.020000,17.600000,17.930000,17.930000,675100
2017-11-07,17.910000,18.000000,17.280001,17.440001,17.440001,673100
2017-11-08,17.379999,17.590000,17.150000,17.520000,17.520000,733300
2017-11-09,17.080000,18.410000,16.520000,18.360001,18.360001,2707700
2017-11-10,18.530001,18.820000,18.049999,18.459999,18.459999,3364300
2017-11-13,18.459999,18.650000,17.950001,17.959999,17.959999,1662800
2017-11-14,17.860001,18.430000,17.719999,18.270000,18.270000,1112300
2017-11-15,18.129999,18.709999,18.100000,18.469999,18.469999,2033500
2017-11-16,18.600000,18.860001,18.459999,18.670000,18.670000,1921200
2017-11-17,18.600000,19.370001,18.549999,19.139999,19.139999,1819800
2017-11-20,19.150000,19.570000,19.150000,19.540001,19.540001,1492000
2017-11-21,19.629999,19.639999,19.309999,19.450001,19.450001,1354700
2017-11-22,19.520000,19.780001,19.430000,19.520000,19.520000,1097100
2017-11-24,19.580000,19.600000,19.309999,19.500000,19.500000,505900
2017-11-27,19.549999,19.670000,19.340000,19.490000,19.490000,1499400
2017-11-28,19.620001,20.360001,19.490000,20.299999,20.299999,2397100
2017-11-29,20.260000,20.410000,19.889999,20.059999,20.059999,1237900
2017-11-30,20.200001,20.459999,19.930000,20.400000,20.400000,1767500
2017-12-01,20.430000,20.520000,19.330000,19.980000,19.980000,1815600
2017-12-04,20.240000,20.860001,20.240000,20.330000,20.330000,2159100
2017-12-05,20.370001,20.570000,19.930000,20.070000,20.070000,1180600
2017-12-06,19.930000,20.410000,19.150000,20.129999,20.129999,889700
2017-12-07,20.040001,20.690001,20.020000,20.520000,20.520000,1044300
2017-12-08,20.680000,20.709999,20.340000,20.500000,20.500000,939300
2017-12-11,20.559999,20.700001,20.360001,20.440001,20.440001,749200
2017-12-12,20.450001,20.650000,20.160000,20.170000,20.170000,911000
2017-12-13,20.200001,20.570000,20.040001,20.040001,20.040001,1228400
2017-12-14,20.049999,20.290001,19.700001,19.730000,19.730000,1497400
2017-12-15,19.830000,20.330000,19.590000,20.049999,20.049999,2957000
2017-12-18,20.230000,20.600000,20.080000,20.440001,20.440001,1826700
2017-12-19,20.430000,20.639999,20.090000,20.160000,20.160000,1436600
2017-12-20,20.260000,20.490000,20.110001,20.469999,20.469999,853400
2017-12-21,20.500000,21.040001,20.440001,20.980000,20.980000,1176200
2017-12-22,21.000000,21.290001,20.760000,21.260000,21.260000,1394900
2017-12-26,21.290001,21.780001,21.170000,21.680000,21.680000,1340300
2017-12-27,21.690001,21.910000,21.469999,21.790001,21.790001,1450000
2017-12-28,21.760000,21.860001,21.620001,21.840000,21.840000,967200
2017-12-29,21.940001,22.080000,21.790001,21.790001,21.790001,1212000
2018-01-02,22.000000,22.010000,21.610001,22.000000,22.000000,2403100
2018-01-03,22.000000,22.459999,21.959999,22.410000,22.410000,2010900
2018-01-04,22.559999,22.650000,22.120001,22.350000,22.350000,1508200
2018-01-05,22.500000,22.790001,22.400000,22.780001,22.780001,1486200
2018-01-08,22.790001,22.860001,22.430000,22.670000,22.670000,1251200
2018-01-09,22.670000,22.900000,22.549999,22.680000,22.680000,795800
2018-01-10,22.639999,22.670000,22.070000,22.129999,22.129999,826900
2018-01-11,22.180000,22.530001,22.040001,22.459999,22.459999,869200
2018-01-12,22.700001,22.910000,22.620001,22.790001,22.790001,1032700
2018-01-16,23.020000,23.150000,22.010000,22.150000,22.150000,1333400
2018-01-17,22.330000,22.860001,22.180000,22.790001,22.790001,1077400
2018-01-18,22.660000,22.879999,22.480000,22.600000,22.600000,1067300
2018-01-19,22.670000,22.760000,22.260000,22.309999,22.309999,928000
2018-01-22,22.389999,22.750000,22.350000,22.740000,22.740000,1161000
2018-01-23,22.780001,23.110001,22.420000,23.030001,23.030001,980200
2018-01-24,23.040001,23.280001,22.350000,22.379999,22.379999,1920500
2018-01-25,22.590000,22.770000,22.170000,22.430000,22.430000,1035500
2018-01-26,22.590000,22.680000,22.400000,22.650000,22.650000,1302600
2018-01-29,22.580000,22.700001,21.690001,21.740000,21.740000,1141100
2018-01-30,21.500000,21.820000,20.700001,21.520000,21.520000,1297500
2018-01-31,21.700001,21.830000,21.160000,21.420000,21.420000,1346000
2018-02-01,21.360001,22.170000,21.139999,21.900000,21.900000,1209900
2018-02-02,21.660000,21.719999,20.690001,20.820000,20.820000,1429200
2018-02-05,20.549999,20.930000,19.799999,19.920000,19.920000,2424900
2018-02-06,19.389999,20.809999,19.260000,20.370001,20.370001,1801200
2018-02-07,20.250000,20.770000,20.170000,20.379999,20.379999,1049600
2018-02-08,20.400000,20.670000,19.719999,19.730000,19.730000,2237200
2018-02-09,19.980000,20.219999,19.170000,19.799999,19.799999,2125700
2018-02-12,19.940001,19.980000,19.430000,19.530001,19.530001,1740500
2018-02-13,19.500000,19.760000,19.320000,19.480000,19.480000,1818400
2018-02-14,19.250000,19.980000,19.250000,19.820000,19.820000,1661100
2018-02-15,20.000000,20.110001,19.730000,19.879999,19.879999,1159900
2018-02-16,19.760000,20.780001,19.740000,20.549999,20.549999,1112000
2018-02-20,20.400000,20.750000,20.209999,20.389999,20.389999,1007000
2018-02-21,20.480000,20.889999,20.250000,20.350000,20.350000,929000
2018-02-22,20.440001,20.540001,20.180000,20.230000,20.230000,822300
2018-02-23,20.370001,20.790001,20.330000,20.770000,20.770000,795100
2018-02-26,20.780001,20.990000,20.290001,20.510000,20.510000,751900
2018-02-27,20.520000,20.840000,19.629999,19.650000,19.650000,1516800
2018-02-28,19.840000,20.080000,19.150000,19.180000,19.180000,2375100
2018-03-01,20.980000,21.920000,19.750000,21.190001,21.190001,4252500
2018-03-02,21.120001,21.500000,20.530001,21.430000,21.430000,1789600
2018-03-05,21.360001,21.610001,20.980000,21.070000,21.070000,1577400
2018-03-06,21.110001,21.540001,20.830000,21.480000,21.480000,1283800
2018-03-07,21.250000,21.719999,21.120001,21.610001,21.610001,682600
2018-03-08,21.719999,21.930000,21.059999,21.170000,21.170000,721800
2018-03-09,21.340000,21.580000,21.250000,21.570000,21.570000,681900
2018-03-12,21.660000,21.889999,21.490000,21.639999,21.639999,743700
2018-03-13,21.799999,22.080000,21.570000,21.900000,21.900000,890500
2018-03-14,21.980000,21.980000,21.480000,21.780001,21.780001,711100
2018-03-15,21.889999,21.920000,20.980000,21.040001,21.040001,797800
2018-03-16,20.879999,21.120001,20.700001,20.799999,20.799999,1582500
2018-03-19,20.780001,20.920000,20.430000,20.730000,20.730000,606900
2018-03-20,20.719999,20.940001,20.629999,20.650000,20.650000,475400
2018-03-21,20.680000,21.240000,20.540001,21.059999,21.059999,413000
2018-03-22,20.850000,20.990000,20.330000,20.330000,20.330000,550900
2018-03-23,20.480000,20.680000,19.870001,19.879999,19.879999,770000
2018-03-26,20.219999,20.490000,19.730000,20.150000,20.150000,1299800
2018-03-27,20.129999,20.129999,19.450001,19.660000,19.660000,991300
2018-03-28,19.709999,20.070000,19.530001,19.610001,19.610001,587000
2018-03-29,19.740000,20.070000,19.670000,19.840000,19.840000,693900
2018-04-02,19.830000,20.049999,18.480000,18.750000,18.750000,1596000
2018-04-03,18.790001,19.160000,18.790001,18.930000,18.930000,865900
2018-04-04,18.700001,19.660000,18.600000,19.580000,19.580000,939600
2018-04-05,19.750000,20.120001,19.650000,19.870001,19.870001,885800
2018-04-06,19.650000,20.110001,19.270000,19.700001,19.700001,917500
2018-04-09,19.879999,20.020000,19.049999,19.059999,19.059999,773400
2018-04-10,19.389999,19.480000,19.129999,19.320000,19.320000,636000
2018-04-11,19.180000,19.490000,19.070000,19.209999,19.209999,941600
2018-04-12,19.270000,19.400000,19.080000,19.230000,19.230000,811000
2018-04-13,19.370001,19.440001,19.090000,19.200001,19.200001,1383200
2018-04-16,19.370001,19.840000,19.110001,19.629999,19.629999,1115400
2018-04-17,19.809999,19.870001,19.549999,19.780001,19.780001,511300
2018-04-18,19.780001,19.940001,19.639999,19.709999,19.709999,629100
2018-04-19,19.629999,19.629999,18.860001,19.150000,19.150000,797900
2018-04-20,19.110001,19.139999,18.709999,18.740000,18.740000,654800
2018-04-23,18.709999,18.709999,18.260000,18.459999,18.459999,848300
2018-04-24,18.570000,18.879999,17.820000,18.120001,18.120001,1028100
2018-04-25,18.129999,18.190001,17.799999,18.080000,18.080000,804500
2018-04-26,18.139999,18.459999,18.010000,18.340000,18.340000,597000
2018-04-27,18.350000,18.500000,18.200001,18.250000,18.250000,370800
2018-04-30,18.350000,18.420000,18.110001,18.230000,18.230000,1182800
2018-05-01,18.200001,18.820000,18.059999,18.799999,18.799999,1202900
2018-05-02,18.850000,18.980000,18.580000,18.590000,18.590000,1041400
2018-05-03,18.540001,18.690001,18.200001,18.570000,18.570000,725900
2018-05-04,18.620001,18.709999,18.370001,18.580000,18.580000,1177600
2018-05-07,18.719999,18.950001,18.600000,18.870001,18.870001,766300
2018-05-08,18.940001,19.719999,18.900000,19.719999,19.719999,1402500
2018-05-09,19.760000,19.990000,19.549999,19.750000,19.750000,2144400
2018-05-10,19.570000,20.110001,18.700001,19.110001,19.110001,3020300
2018-05-11,19.270000,19.400000,18.690001,18.900000,18.900000,2373200
2018-05-14,18.889999,19.010000,18.360001,18.570000,18.570000,1243100
2018-05-15,18.500000,18.600000,17.790001,18.200001,18.200001,1435100
2018-05-16,18.320000,19.090000,18.160000,18.969999,18.969999,1588500
2018-05-17,19.030001,19.320000,18.750000,19.010000,19.010000,2934400
2018-05-18,19.090000,19.820000,18.920000,19.790001,19.790001,1079500
2018-05-21,19.850000,20.020000,19.670000,19.719999,19.719999,682900
2018-05-22,19.700001,19.780001,19.330000,19.450001,19.450001,698800
2018-05-23,19.459999,19.629999,19.290001,19.410000,19.410000,1226300
2018-05-24,19.440001,19.500000,19.070000,19.299999,19.299999,1000700
2018-05-25,19.340000,19.670000,19.340000,19.490000,19.490000,903700
2018-05-29,19.320000,19.650000,19.200001,19.400000,19.400000,1136600
2018-05-30,19.480000,19.750000,19.430000,19.490000,19.490000,1279100
2018-05-31,19.490000,19.730000,19.430000,19.580000,19.580000,939300
2018-06-01,19.719999,19.750000,18.930000,19.059999,19.059999,893400
2018-06-04,19.160000,19.629999,19.139999,19.500000,19.500000,861700
2018-06-05,19.469999,19.629999,19.219999,19.520000,19.520000,525200
2018-06-06,19.520000,19.590000,19.250000,19.500000,19.500000,519900
2018-06-07,19.510000,19.830000,19.480000,19.799999,19.799999,588000
2018-06-08,19.730000,20.330000,19.719999,20.280001,20.280001,792700
2018-06-11,20.379999,20.540001,20.180000,20.299999,20.299999,624400
2018-06-12,20.260000,20.790001,20.160000,20.770000,20.770000,896700
2018-06-13,20.709999,20.760000,19.580000,19.590000,19.590000,1307000
2018-06-14,19.580000,19.629999,18.940001,19.049999,19.049999,1546800
2018-06-15,18.959999,19.160000,18.549999,18.879999,18.879999,1405700
2018-06-18,18.799999,19.010000,18.580000,18.879999,18.879999,773300
2018-06-19,18.740000,19.010000,18.459999,18.959999,18.959999,842400
2018-06-20,19.080000,19.580000,18.940001,19.549999,19.549999,796100
2018-06-21,19.600000,19.680000,18.930000,19.020000,19.020000,518800
2018-06-22,19.090000,19.090000,18.309999,18.450001,18.450001,1738200
2018-06-25,18.250000,18.459999,18.040001,18.200001,18.200001,864800
2018-06-26,18.299999,18.940001,18.250000,18.920000,18.920000,956300
2018-06-27,18.879999,18.980000,18.129999,18.129999,18.129999,895300
2018-06-28,18.139999,18.250000,17.740000,18.110001,18.110001,1055800
2018-06-29,18.180000,18.700001,18.059999,18.290001,18.290001,1140000
2018-07-02,18.180000,18.360001,18.010000,18.340000,18.340000,369100
2018-07-03,18.440001,18.559999,18.219999,18.379999,18.379999,278600
2018-07-05,18.430000,18.600000,18.070000,18.430000,18.430000,634400
2018-07-06,18.490000,18.549999,18.190001,18.219999,18.219999,668800
2018-07-09,18.370001,18.840000,18.290001,18.820000,18.820000,859600
2018-07-10,18.860001,18.860001,18.410000,18.459999,18.459999,433700
2018-07-11,18.360001,18.410000,18.160000,18.170000,18.170000,507000
2018-07-12,18.290001,18.290001,17.639999,18.139999,18.139999,1046300
2018-07-13,18.150000,18.299999,17.980000,18.180000,18.180000,477200
2018-07-16,18.270000,18.290001,17.860001,17.950001,17.950001,686800
2018-07-17,17.889999,18.500000,17.760000,18.320000,18.320000,1278500
2018-07-18,18.280001,18.340000,18.030001,18.290001,18.290001,627600
2018-07-19,18.209999,18.620001,18.129999,18.559999,18.559999,728500
2018-07-20,18.500000,18.500000,18.200001,18.219999,18.219999,271000
2018-07-23,18.150000,18.219999,17.910000,17.910000,17.910000,440700
2018-07-24,17.959999,18.190001,17.280001,17.350000,17.350000,1224300
2018-07-25,17.389999,17.660000,16.639999,16.900000,16.900000,2119400
2018-07-26,16.809999,17.299999,16.629999,17.219999,17.219999,822400
2018-07-27,17.260000,17.469999,16.870001,16.940001,16.940001,563800
2018-07-30,17.000000,17.959999,17.000000,17.490000,17.490000,1964600
2018-07-31,17.490000,18.080000,17.379999,17.930000,17.930000,1445800
2018-08-01,17.820000,17.980000,17.530001,17.620001,17.620001,1474700
2018-08-02,17.590000,17.700001,17.280001,17.620001,17.620001,816800
2018-08-03,17.660000,18.200001,17.290001,17.639999,17.639999,432400
2018-08-06,17.629999,17.860001,17.430000,17.750000,17.750000,1575500
2018-08-07,17.780001,17.959999,17.650000,17.830000,17.830000,1367100
2018-08-08,17.780001,17.780001,16.290001,17.510000,17.510000,4271500
2018-08-09,17.360001,18.299999,17.360001,17.920000,17.920000,2495400
2018-08-10,17.870001,17.879999,16.860001,16.910000,16.910000,1532000
2018-08-13,16.809999,16.809999,15.870000,16.000000,16.000000,2175900
2018-08-14,16.059999,16.900000,16.030001,16.860001,16.860001,1802000
2018-08-15,16.770000,16.870001,16.340000,16.480000,16.480000,1092900
2018-08-16,16.549999,16.900000,16.340000,16.889999,16.889999,921800
2018-08-17,16.889999,17.170000,16.840000,17.090000,17.090000,716200
2018-08-20,17.190001,17.309999,16.730000,16.730000,16.730000,1043800
2018-08-21,16.700001,17.180000,16.620001,17.129999,17.129999,1103100
2018-08-22,17.070000,17.150000,16.650000,16.670000,16.670000,605400
2018-08-23,16.650000,16.730000,16.110001,16.219999,16.219999,1002900
2018-08-24,16.309999,16.309999,15.760000,16.100000,16.100000,1389500
2018-08-27,16.260000,16.580000,16.170000,16.379999,16.379999,651800
2018-08-28,16.370001,16.510000,15.850000,15.990000,15.990000,925500
2018-08-29,16.059999,16.270000,15.770000,16.180000,16.180000,1003100
2018-08-30,16.120001,16.170000,15.780000,15.850000,15.850000,651800
2018-08-31,15.750000,15.860000,15.520000,15.620000,15.620000,884000
2018-09-04,15.540000,15.710000,15.260000,15.470000,15.470000,989800
2018-09-05,15.860000,15.980000,15.610000,15.980000,15.980000,1593200
2018-09-06,16.000000,16.379999,15.770000,16.080000,16.080000,2318900
2018-09-07,16.020000,16.160000,15.790000,15.960000,15.960000,1027000
2018-09-10,16.250000,16.920000,16.219999,16.730000,16.730000,1289400
2018-09-11,16.809999,16.870001,16.320000,16.809999,16.809999,1012100
2018-09-12,16.770000,17.200001,16.490000,17.110001,17.110001,1387700
2018-09-13,17.020000,17.080000,16.160000,16.209999,16.209999,2207600
2018-09-14,16.469999,16.629999,16.290001,16.480000,16.480000,1062500
2018-09-17,16.400000,16.530001,16.110001,16.209999,16.209999,1198300
2018-09-18,16.190001,16.360001,15.810000,16.170000,16.170000,866000
2018-09-19,16.190001,16.410000,15.960000,15.990000,15.990000,977300
2018-09-20,16.090000,16.370001,15.730000,15.980000,15.980000,1219800
2018-09-21,15.790000,15.960000,15.240000,15.680000,15.680000,3519100
2018-09-24,15.600000,15.740000,15.420000,15.450000,15.450000,1202800
2018-09-25,15.440000,15.450000,15.100000,15.220000,15.220000,1331800
2018-09-26,15.160000,15.310000,14.840000,14.870000,14.870000,1758500
2018-09-27,14.930000,15.030000,14.750000,14.810000,14.810000,1223900
2018-09-28,14.780000,14.990000,14.650000,14.680000,14.680000,821800
2018-10-01,14.650000,14.830000,14.070000,14.100000,14.100000,1588100
2018-10-02,14.020000,14.320000,14.000000,14.080000,14.080000,1615400
2018-10-03,14.160000,14.590000,14.040000,14.220000,14.220000,1088600
2018-10-04,14.210000,14.210000,13.800000,14.070000,14.070000,1516200
2018-10-05,14.030000,14.100000,13.600000,13.960000,13.960000,2699100
2018-10-08,13.900000,14.150000,13.760000,14.100000,14.100000,1119300
2018-10-09,14.030000,14.180000,13.460000,13.500000,13.500000,1973500
2018-10-10,13.480000,13.870000,13.330000,13.480000,13.480000,1168500
2018-10-11,13.410000,13.730000,13.300000,13.370000,13.370000,1767700
2018-10-12,13.630000,13.820000,12.840000,13.090000,13.090000,2171600
2018-10-15,12.890000,13.300000,12.880000,13.160000,13.160000,1039400
2018-10-16,13.200000,13.680000,12.880000,13.650000,13.650000,1637700
2018-10-17,13.580000,13.580000,13.060000,13.130000,13.130000,1409000
2018-10-18,12.910000,13.020000,12.450000,12.540000,12.540000,2136400
2018-10-19,12.550000,12.750000,11.920000,12.110000,12.110000,2178900
2018-10-22,12.120000,12.340000,11.720000,11.820000,11.820000,1368400
2018-10-23,11.690000,12.240000,11.690000,12.150000,12.150000,1863700
2018-10-24,12.160000,12.570000,11.940000,11.960000,11.960000,1649300
2018-10-25,12.020000,12.460000,11.880000,12.310000,12.310000,1578500
2018-10-26,12.130000,12.270000,11.750000,12.100000,12.100000,1743500
2018-10-29,12.270000,12.410000,11.700000,11.850000,11.850000,1029700
2018-10-30,11.770000,12.690000,11.600000,12.570000,12.570000,2353800
2018-10-31,12.750000,12.850000,12.290000,12.380000,12.380000,2390400
2018-11-01,12.580000,13.290000,12.160000,13.080000,13.080000,1914500
2018-11-02,14.000000,14.770000,13.390000,14.580000,14.580000,5532100
2018-11-05,13.250000,13.950000,13.000000,13.710000,13.710000,3262100
2018-11-06,13.740000,14.070000,13.540000,13.860000,13.860000,1257600
2018-11-07,13.830000,13.850000,13.330000,13.610000,13.610000,1226700
2018-11-08,13.530000,13.640000,13.040000,13.060000,13.060000,1303800
2018-11-09,12.930000,13.190000,12.820000,12.830000,12.830000,816500
2018-11-12,12.820000,12.970000,12.600000,12.630000,12.630000,811200
2018-11-13,12.710000,13.370000,12.680000,13.030000,13.030000,1351700
2018-11-14,13.200000,13.370000,12.720000,12.850000,12.850000,804500
2018-11-15,12.740000,12.760000,11.750000,12.380000,12.380000,1736100
2018-11-16,12.280000,12.550000,12.090000,12.430000,12.430000,1031600
2018-11-19,12.380000,12.810000,11.820000,12.550000,12.550000,1100000
2018-11-20,12.350000,12.710000,12.220000,12.510000,12.510000,892100
2018-11-21,12.560000,13.230000,12.520000,12.880000,12.880000,1082900
2018-11-23,12.750000,13.160000,12.750000,12.920000,12.920000,297900
2018-11-26,13.070000,13.240000,12.780000,12.900000,12.900000,1055800
2018-11-27,12.770000,13.230000,12.770000,13.020000,13.020000,716400
2018-11-28,13.050000,13.450000,12.570000,13.450000,13.450000,1007400
2018-11-29,13.440000,13.580000,13.150000,13.390000,13.390000,826400
2018-11-30,13.450000,13.570000,13.330000,13.530000,13.530000,786900
2018-12-03,13.750000,14.420000,13.590000,14.280000,14.280000,2295400
2018-12-04,13.640000,13.960000,12.240000,12.250000,12.250000,2404100
2018-12-06,11.980000,12.730000,11.900000,12.500000,12.500000,1419000
2018-12-07,12.390000,12.820000,12.010000,12.040000,12.040000,1246000
2018-12-10,12.000000,12.230000,11.490000,11.570000,11.570000,1328100
2018-12-11,11.790000,11.930000,11.300000,11.410000,11.410000,1035300
2018-12-12,11.530000,11.680000,11.310000,11.330000,11.330000,920700
2018-12-13,11.590000,11.640000,11.160000,11.160000,11.160000,1074800
2018-12-14,10.960000,11.520000,10.850000,10.980000,10.980000,2629900
2018-12-17,10.870000,11.280000,10.750000,10.880000,10.880000,2047200
2018-12-18,11.020000,11.480000,10.900000,11.400000,11.400000,1877000
2018-12-19,11.340000,11.950000,11.340000,11.360000,11.360000,2188400
2018-12-20,11.160000,11.420000,10.820000,10.970000,10.970000,1680200
2018-12-21,11.030000,11.120000,10.580000,10.740000,10.740000,2006300
2018-12-24,10.620000,10.640000,10.180000,10.230000,10.230000,584500
2018-12-26,10.340000,10.820000,10.150000,10.800000,10.800000,1066100
2018-12-27,10.580000,11.000000,10.550000,10.920000,10.920000,766600
2018-12-28,10.950000,11.130000,10.610000,10.940000,10.940000,1395200
2018-12-31,10.990000,11.030000,10.550000,10.910000,10.910000,1061900
2019-01-02,10.660000,11.560000,10.560000,11.510000,11.510000,1373900
2019-01-03,11.370000,11.740000,11.200000,11.480000,11.480000,1038600
2019-01-04,11.720000,12.150000,11.680000,12.100000,12.100000,771100
2019-01-07,12.040000,12.530000,11.800000,12.500000,12.500000,1092900
2019-01-08,12.600000,12.790000,12.400000,12.590000,12.590000,1139000
2019-01-09,12.650000,12.940000,12.400000,12.930000,12.930000,752800
2019-01-10,12.530000,12.700000,12.280000,12.400000,12.400000,1323400
2019-01-11,12.010000,12.540000,12.000000,12.420000,12.420000,866700
2019-01-14,12.330000,12.620000,12.330000,12.400000,12.400000,861400
2019-01-15,12.290000,12.550000,11.910000,12.210000,12.210000,848200
2019-01-16,12.220000,12.450000,12.100000,12.150000,12.150000,588200
2019-01-17,12.120000,12.630000,12.120000,12.500000,12.500000,826300
2019-01-18,12.580000,12.840000,12.480000,12.520000,12.520000,659600
2019-01-22,12.460000,12.590000,12.180000,12.370000,12.370000,911200
2019-01-23,12.460000,12.490000,12.020000,12.100000,12.100000,400600
2019-01-24,12.090000,12.620000,11.960000,12.600000,12.600000,463200
2019-01-25,12.750000,13.120000,12.670000,12.690000,12.690000,533000
2019-01-28,12.510000,12.980000,12.510000,12.790000,12.790000,523100
2019-01-29,12.780000,12.870000,12.460000,12.790000,12.790000,419600
2019-01-30,12.910000,12.990000,12.620000,12.980000,12.980000,358200
2019-01-31,12.970000,13.450000,12.840000,13.220000,13.220000,787000
2019-02-01,13.190000,13.360000,13.100000,13.310000,13.310000,748900
2019-02-04,13.320000,13.420000,13.210000,13.420000,13.420000,596200
2019-02-05,13.430000,13.560000,13.280000,13.520000,13.520000,652600
2019-02-06,13.520000,13.640000,13.290000,13.300000,13.300000,784000
2019-02-07,13.290000,13.420000,12.980000,13.020000,13.020000,506000
2019-02-08,12.970000,13.000000,12.640000,12.790000,12.790000,1122900
2019-02-11,12.800000,13.170000,12.740000,13.050000,13.050000,612800
2019-02-12,13.150000,13.610000,12.970000,13.590000,13.590000,1427900
2019-02-13,13.590000,13.680000,13.400000,13.560000,13.560000,743500
2019-02-14,13.410000,13.610000,13.200000,13.520000,13.520000,1210700
2019-02-15,13.580000,13.840000,13.490000,13.620000,13.620000,1116800
2019-02-19,13.600000,14.320000,13.540000,14.130000,14.130000,2017000
2019-02-20,14.100000,14.170000,13.670000,13.790000,13.790000,1920400
2019-02-21,13.800000,13.980000,13.720000,13.850000,13.850000,1246200
2019-02-22,13.870000,14.190000,13.800000,14.190000,14.190000,1194200
2019-02-25,14.260000,14.520000,13.990000,13.990000,13.990000,1037100
2019-02-26,13.940000,14.210000,13.790000,13.970000,13.970000,1454400
2019-02-27,13.950000,14.010000,13.600000,13.730000,13.730000,1069400
2019-02-28,13.790000,13.960000,13.600000,13.930000,13.930000,1150500
2019-03-01,14.240000,14.950000,13.930000,14.030000,14.030000,3020800
2019-03-04,14.140000,14.880000,14.140000,14.570000,14.570000,3338100
2019-03-05,14.510000,14.640000,13.800000,13.810000,13.810000,1489400
2019-03-06,13.820000,13.900000,13.460000,13.520000,13.520000,876800
2019-03-07,13.500000,13.600000,13.240000,13.460000,13.460000,1047500
2019-03-08,13.320000,13.650000,13.320000,13.640000,13.640000,842100
2019-03-11,13.620000,13.910000,13.620000,13.790000,13.790000,611900
2019-03-12,13.790000,13.970000,13.630000,13.790000,13.790000,596700
2019-03-13,13.910000,14.020000,13.580000,13.600000,13.600000,581400
2019-03-14,13.600000,13.740000,13.430000,13.580000,13.580000,654500
2019-03-15,13.640000,13.870000,13.460000,13.510000,13.510000,1473800
2019-03-18,13.510000,13.770000,13.500000,13.670000,13.670000,430600
2019-03-19,13.740000,13.900000,13.260000,13.290000,13.290000,573600
2019-03-20,13.250000,13.300000,12.800000,13.020000,13.020000,792900
2019-03-21,12.970000,13.460000,12.970000,13.190000,13.190000,542400
2019-03-22,13.070000,13.180000,12.550000,12.550000,12.550000,586700
2019-03-25,12.550000,12.970000,12.500000,12.770000,12.770000,525200
2019-03-26,12.850000,12.960000,12.580000,12.750000,12.750000,327600
2019-03-27,12.770000,13.160000,12.770000,13.080000,13.080000,934600
2019-03-28,13.100000,13.340000,12.960000,13.180000,13.180000,399500
2019-03-29,13.290000,13.580000,13.110000,13.340000,13.340000,644400
2019-04-01,13.450000,13.760000,13.410000,13.720000,13.720000,669200
2019-04-02,13.710000,13.710000,13.350000,13.480000,13.480000,488800
2019-04-03,13.600000,13.750000,13.300000,13.630000,13.630000,632700
2019-04-04,13.640000,14.210000,13.640000,14.200000,14.200000,449100
2019-04-05,14.220000,14.310000,14.080000,14.200000,14.200000,722400
2019-04-08,14.140000,14.500000,13.920000,14.420000,14.420000,657900
2019-04-09,14.370000,14.520000,13.990000,14.040000,14.040000,489100
2019-04-10,14.090000,14.200000,14.000000,14.150000,14.150000,699100
2019-04-11,14.170000,14.390000,14.080000,14.340000,14.340000,683000
2019-04-12,14.420000,14.580000,14.300000,14.400000,14.400000,691400
2019-04-15,14.410000,14.470000,14.170000,14.270000,14.270000,698600
2019-04-16,14.300000,14.370000,14.000000,14.050000,14.050000,969300
2019-04-17,14.090000,14.190000,13.950000,14.000000,14.000000,1035700
2019-04-18,13.970000,14.190000,13.880000,14.090000,14.090000,545600
2019-04-22,14.000000,14.070000,13.460000,13.540000,13.540000,716700
2019-04-23,13.540000,14.160000,13.430000,13.950000,13.950000,1236300
2019-04-24,13.890000,14.160000,13.860000,14.000000,14.000000,788700
2019-04-25,13.900000,13.940000,13.350000,13.740000,13.740000,674100
2019-04-26,13.790000,14.010000,13.660000,13.940000,13.940000,727200
2019-04-29,13.970000,14.190000,13.830000,14.160000,14.160000,816700
2019-04-30,14.170000,14.190000,13.770000,13.780000,13.780000,1184300
2019-05-01,13.850000,14.670000,13.850000,14.350000,14.350000,2048300
2019-05-02,14.320000,14.870000,14.320000,14.710000,14.710000,2013900
2019-05-03,15.050000,16.889999,15.050000,16.790001,16.790001,3076000
2019-05-06,16.530001,16.900000,15.910000,16.820000,16.820000,1567300
2019-05-07,16.520000,16.840000,16.309999,16.700001,16.700001,1545500
2019-05-08,16.719999,16.940001,16.580000,16.600000,16.600000,797900
2019-05-09,16.459999,16.709999,16.280001,16.700001,16.700001,931300
2019-05-10,16.740000,16.740000,16.240000,16.480000,16.480000,1670500
2019-05-13,16.090000,16.260000,15.710000,15.810000,15.810000,1018600
2019-05-14,15.770000,16.209999,15.620000,16.080000,16.080000,818900
2019-05-15,15.950000,16.299999,15.770000,16.150000,16.150000,875700
2019-05-16,16.160000,16.280001,15.940000,15.970000,15.970000,1628400
2019-05-17,15.810000,16.160000,15.790000,15.820000,15.820000,861700
2019-05-20,15.680000,15.790000,15.380000,15.400000,15.400000,864500
2019-05-21,15.600000,15.940000,14.990000,15.940000,15.940000,1292400
2019-05-22,15.830000,15.980000,15.570000,15.580000,15.580000,843600
2019-05-23,15.390000,15.520000,14.910000,14.980000,14.980000,736800
2019-05-24,15.070000,15.170000,14.960000,15.060000,15.060000,618500
2019-05-28,15.060000,15.060000,14.680000,14.730000,14.730000,839600
2019-05-29,14.600000,14.710000,14.000000,14.570000,14.570000,1399000
2019-05-30,14.590000,14.810000,14.340000,14.420000,14.420000,888000
2019-05-31,14.180000,14.330000,14.000000,14.080000,14.080000,700700
2019-06-03,14.030000,14.390000,13.730000,14.130000,14.130000,1559700
2019-06-04,14.320000,14.940000,14.300000,14.920000,14.920000,1442000
2019-06-05,14.980000,15.100000,14.640000,14.790000,14.790000,717500
2019-06-06,14.820000,14.910000,14.420000,14.690000,14.690000,1531500
2019-06-07,14.720000,14.780000,14.510000,14.600000,14.600000,1423300
2019-06-10,14.690000,15.080000,14.690000,14.880000,14.880000,910700
2019-06-11,15.070000,15.070000,14.590000,14.750000,14.750000,1386900
2019-06-12,14.770000,14.990000,14.670000,14.910000,14.910000,1036900
2019-06-13,15.000000,15.420000,14.960000,15.350000,15.350000,872300
2019-06-14,15.310000,15.650000,15.310000,15.430000,15.430000,600100
2019-06-17,15.450000,15.470000,15.130000,15.230000,15.230000,472100
2019-06-18,15.370000,15.740000,15.130000,15.310000,15.310000,664000
2019-06-19,15.350000,15.400000,15.010000,15.310000,15.310000,706600
2019-06-20,15.440000,15.720000,15.360000,15.710000,15.710000,816000
2019-06-21,15.640000,15.780000,15.100000,15.250000,15.250000,948600
2019-06-24,15.250000,15.530000,15.140000,15.370000,15.370000,749400
2019-06-25,15.430000,15.500000,15.150000,15.420000,15.420000,1340300
2019-06-26,15.460000,15.550000,15.230000,15.370000,15.370000,1061100
2019-06-27,15.450000,16.280001,15.390000,16.250000,16.250000,1199900
2019-06-28,16.280001,17.000000,16.209999,16.860001,16.860001,2957000
2019-07-01,17.110001,17.190001,16.730000,16.959999,16.959999,928900
2019-07-02,16.940001,16.990000,16.730000,16.980000,16.980000,538800
2019-07-03,17.040001,17.150000,16.790001,16.959999,16.959999,360400
2019-07-05,16.840000,17.000000,16.709999,16.969999,16.969999,876900
2019-07-08,17.020000,17.219999,16.900000,17.010000,17.010000,681000
2019-07-09,16.889999,17.049999,16.610001,16.750000,16.750000,755000
2019-07-10,16.870001,17.000000,16.660000,16.840000,16.840000,821600
2019-07-11,16.830000,17.020000,16.670000,16.900000,16.900000,885400
2019-07-12,17.010000,17.219999,16.850000,17.010000,17.010000,1059700
2019-07-15,17.059999,17.120001,16.690001,16.840000,16.840000,723100
2019-07-16,16.879999,17.090000,16.780001,16.889999,16.889999,551100
2019-07-17,16.969999,17.040001,16.480000,16.510000,16.510000,673900
2019-07-18,16.549999,16.610001,16.240000,16.530001,16.530001,716100
2019-07-19,16.500000,16.670000,16.129999,16.350000,16.350000,634800
2019-07-22,16.410000,16.490000,16.059999,16.200001,16.200001,584400
2019-07-23,16.330000,16.590000,16.190001,16.590000,16.590000,694100
2019-07-24,16.500000,17.270000,16.500000,17.230000,17.230000,924400
2019-07-25,17.290001,17.629999,17.160000,17.370001,17.370001,1231500
2019-07-26,17.320000,17.480000,17.110001,17.340000,17.340000,757700
2019-07-29,17.379999,17.549999,16.740000,16.870001,16.870001,951900
2019-07-30,16.780001,17.370001,16.719999,17.350000,17.350000,1270500
2019-07-31,17.430000,17.510000,17.020000,17.180000,17.180000,1463700
2019-08-01,17.180000,17.510000,16.740000,16.799999,16.799999,1590000
2019-08-02,17.959999,18.910000,17.410000,18.870001,18.870001,3616300
2019-08-05,18.879999,19.250000,18.580000,18.900000,18.900000,2016700
2019-08-06,19.110001,19.299999,18.639999,18.980000,18.980000,2055000
2019-08-07,18.670000,19.660000,18.559999,19.629999,19.629999,2174200
2019-08-08,19.799999,20.299999,19.570000,20.120001,20.120001,1895000
2019-08-09,20.120001,20.270000,19.820000,20.150000,20.150000,1139600
2019-08-12,20.020000,20.059999,19.590000,19.660000,19.660000,1084000
2019-08-13,19.540001,19.840000,19.170000,19.209999,19.209999,1670400
2019-08-14,18.879999,19.120001,18.610001,18.700001,18.700001,1488400
2019-08-15,18.780001,18.950001,18.480000,18.719999,18.719999,865400
2019-08-16,18.860001,19.059999,18.719999,18.930000,18.930000,970300
2019-08-19,19.190001,19.389999,19.129999,19.139999,19.139999,664700
2019-08-20,19.059999,19.320000,19.030001,19.120001,19.120001,752200
2019-08-21,19.219999,19.680000,19.190001,19.610001,19.610001,1157500
2019-08-22,19.700001,19.870001,19.370001,19.610001,19.610001,790800
2019-08-23,19.530001,19.670000,18.770000,18.820000,18.820000,790000
2019-08-26,19.030001,19.219999,18.750000,19.209999,19.209999,683900
2019-08-27,19.340000,19.340000,18.790001,18.870001,18.870001,641500
2019-08-28,18.879999,19.280001,18.629999,19.150000,19.150000,533600
2019-08-29,19.330000,19.650000,19.330000,19.450001,19.450001,594700
2019-08-30,19.580000,19.680000,19.350000,19.450001,19.450001,617400
2019-09-03,19.320000,19.330000,18.680000,18.930000,18.930000,818300
2019-09-04,19.139999,19.160000,18.930000,19.059999,19.059999,799300
2019-09-05,19.219999,19.559999,19.000000,19.209999,19.209999,1044800
2019-09-06,19.299999,19.469999,19.040001,19.070000,19.070000,733000
2019-09-09,19.129999,19.760000,19.070000,19.430000,19.430000,1199600
2019-09-10,19.420000,19.900000,19.030001,19.760000,19.760000,1247800
2019-09-11,19.799999,20.020000,19.600000,19.950001,19.950001,1185700
2019-09-12,20.010000,20.260000,19.790001,19.990000,19.990000,1053500
2019-09-13,20.110001,20.520000,20.090000,20.190001,20.190001,954900
2019-09-16,20.150000,20.360001,19.969999,20.230000,20.230000,1394300
2019-09-17,20.160000,20.350000,19.830000,20.340000,20.340000,1119300
2019-09-18,20.459999,20.650000,20.250000,20.490000,20.490000,1378000
2019-09-19,20.500000,20.750000,20.280001,20.559999,20.559999,1036200
2019-09-20,20.480000,20.670000,20.150000,20.260000,20.260000,1089300
2019-09-23,20.100000,20.590000,20.000000,20.410000,20.410000,518200
2019-09-24,20.500000,20.690001,20.180000,20.240000,20.240000,835300
2019-09-25,20.270000,20.790001,20.139999,20.680000,20.680000,1185500
2019-09-26,20.570000,20.700001,20.440001,20.549999,20.549999,474800
2019-09-27,20.600000,20.750000,20.270000,20.389999,20.389999,830700
2019-09-30,20.459999,20.700001,20.340000,20.580000,20.580000,1314000
2019-10-01,20.780001,21.000000,20.410000,20.430000,20.430000,1386700
2019-10-02,20.200001,20.350000,19.799999,20.270000,20.270000,839300
2019-10-03,20.139999,20.270000,19.610001,20.110001,20.110001,798300
2019-10-04,20.110001,20.570000,20.110001,20.500000,20.500000,742900
2019-10-07,20.440001,20.510000,20.260000,20.299999,20.299999,501700
2019-10-08,20.129999,20.559999,20.010000,20.400000,20.400000,552100
2019-10-09,20.480000,21.059999,20.480000,20.799999,20.799999,1904800
2019-10-10,20.879999,20.980000,20.629999,20.730000,20.730000,804600
2019-10-11,20.959999,21.090000,20.660000,20.670000,20.670000,868700
2019-10-14,20.540001,20.670000,20.389999,20.580000,20.580000,733000
2019-10-15,20.799999,21.610001,20.660000,21.540001,21.540001,1609300
2019-10-16,22.000000,22.590000,21.690001,22.440001,22.440001,2296000
2019-10-17,22.580000,22.900000,22.510000,22.730000,22.730000,1849400
2019-10-18,22.740000,23.299999,22.650000,22.889999,22.889999,1852400
2019-10-21,23.160000,23.440001,23.030001,23.330000,23.330000,1887300
2019-10-22,23.469999,23.500000,23.040001,23.049999,23.049999,1663900
2019-10-23,23.020000,23.100000,22.680000,22.780001,22.780001,1373500
2019-10-24,22.850000,22.850000,22.559999,22.700001,22.700001,1279500
2019-10-25,22.650000,23.129999,22.650000,22.920000,22.920000,802900
2019-10-28,22.959999,23.049999,22.790001,22.840000,22.840000,1043600
2019-10-29,22.760000,22.990000,22.660000,22.870001,22.870001,990200
2019-10-30,22.910000,22.969999,21.799999,22.360001,22.360001,1427700
2019-10-31,22.200001,22.629999,22.090000,22.610001,22.610001,1438100
2019-11-01,23.500000,24.670000,23.350000,24.299999,24.299999,2776300
2019-11-04,24.490000,24.500000,24.120001,24.440001,24.440001,1762400
2019-11-05,24.639999,24.780001,23.400000,23.799999,23.799999,1879000
2019-11-06,23.910000,24.190001,23.549999,24.129999,24.129999,2048500
2019-11-07,24.209999,24.280001,23.469999,23.559999,23.559999,1533000
2019-11-08,23.559999,24.200001,23.290001,24.190001,24.190001,1612900
2019-11-11,24.110001,24.430000,23.820000,24.360001,24.360001,1128100
2019-11-12,24.490000,24.950001,24.450001,24.750000,24.750000,1430600
2019-11-13,24.610001,24.959999,24.410000,24.760000,24.760000,1222600
2019-11-14,24.770000,25.320000,24.770000,25.240000,25.240000,1202100
2019-11-15,25.400000,25.549999,24.950001,25.049999,25.049999,1063700
2019-11-18,25.100000,25.440001,24.980000,25.340000,25.340000,1276300
2019-11-19,25.360001,25.650000,25.360001,25.379999,25.379999,1426800
2019-11-20,25.340000,25.570000,25.139999,25.360001,25.360001,1047700
2019-11-21,25.650000,25.650000,24.730000,24.860001,24.860001,1217300
2019-11-22,24.879999,25.110001,24.790001,25.020000,25.020000,596100
2019-11-25,25.049999,25.559999,25.040001,25.520000,25.520000,1006600
2019-11-26,25.629999,25.990000,25.580000,25.719999,25.719999,996600
2019-11-27,25.889999,26.059999,25.780001,25.900000,25.900000,746700
2019-11-29,25.860001,25.879999,25.400000,25.410000,25.410000,391300
2019-12-02,25.459999,25.459999,25.040001,25.139999,25.139999,917800
2019-12-03,24.820000,25.299999,24.639999,25.180000,25.180000,834800
2019-12-04,25.410000,25.559999,25.129999,25.219999,25.219999,1467300
2019-12-05,25.330000,25.719999,25.299999,25.690001,25.690001,1467100
2019-12-06,25.870001,26.000000,25.150000,25.299999,25.299999,1265800
2019-12-09,25.270000,25.780001,25.100000,25.690001,25.690001,1134700
2019-12-10,25.790001,25.790001,25.540001,25.670000,25.670000,714300
2019-12-11,25.660000,25.980000,25.610001,25.920000,25.920000,882100
2019-12-12,25.870001,26.070000,25.290001,25.299999,25.299999,880100
2019-12-13,25.360001,25.650000,25.129999,25.360001,25.360001,1236200
2019-12-16,25.520000,25.790001,25.290001,25.330000,25.330000,1030700
2019-12-17,25.370001,25.850000,25.370001,25.540001,25.540001,1171500
2019-12-18,25.610001,25.760000,25.090000,25.240000,25.240000,3018700
2019-12-19,25.190001,25.290001,24.709999,24.840000,24.840000,1232600
2019-12-20,25.030001,25.180000,24.750000,24.910000,24.910000,1644800
2019-12-23,25.110001,25.250000,24.889999,24.940001,24.940001,843400
2019-12-24,24.900000,25.450001,24.809999,25.430000,25.430000,325200
2019-12-26,25.230000,25.510000,25.010000,25.389999,25.389999,818200
2019-12-27,25.490000,25.629999,25.190001,25.450001,25.450001,667000
2019-12-30,25.510000,25.570000,25.059999,25.430000,25.430000,603400
2019-12-31,25.360001,25.660000,25.309999,25.410000,25.410000,735900
2020-01-02,25.590000,25.650000,25.070000,25.410000,25.410000,1151500
2020-01-03,25.000000,25.459999,24.959999,25.219999,25.219999,1019300
2020-01-06,25.480000,25.770000,25.090000,25.740000,25.740000,1297000
2020-01-07,25.629999,26.290001,25.629999,25.930000,25.930000,1049300
2020-01-08,26.000000,26.620001,25.940001,26.190001,26.190001,963100
2020-01-09,26.290001,26.580000,26.200001,26.290001,26.290001,853900
2020-01-10,26.379999,26.620001,26.100000,26.370001,26.370001,804900
2020-01-13,26.510000,26.940001,26.510000,26.790001,26.790001,1011200
2020-01-14,26.600000,26.730000,26.290001,26.430000,26.430000,1117100
2020-01-15,26.450001,27.120001,26.410000,27.110001,27.110001,1124500
2020-01-16,27.280001,27.580000,26.959999,27.030001,27.030001,643100
2020-01-17,27.250000,27.500000,26.790001,26.820000,26.820000,1268600
2020-01-21,26.850000,27.230000,26.719999,27.129999,27.129999,1055100
2020-01-22,27.240000,27.389999,26.850000,26.870001,26.870001,839200
2020-01-23,26.940001,27.129999,26.530001,26.920000,26.920000,1395800
2020-01-24,27.010000,27.219999,26.139999,26.350000,26.350000,785300
2020-01-27,25.790001,26.740000,25.650000,26.480000,26.480000,1419600
2020-01-28,26.540001,27.110001,26.500000,26.990000,26.990000,815100
2020-01-29,27.070000,27.139999,26.059999,26.360001,26.360001,706000
2020-01-30,26.200001,26.430000,25.799999,26.080000,26.080000,616200
2020-01-31,26.010000,26.209999,24.549999,24.799999,24.799999,1676500
2020-02-03,24.950001,25.290001,24.559999,24.650000,24.650000,1507500
2020-02-04,24.950001,25.270000,24.629999,25.059999,25.059999,977600
2020-02-05,25.680000,26.219999,25.450001,26.100000,26.100000,1141400
2020-02-06,26.150000,26.260000,25.100000,25.110001,25.110001,986600
2020-02-07,25.059999,25.190001,24.360001,24.530001,24.530001,721200
2020-02-10,24.480000,25.150000,24.459999,25.110001,25.110001,957500
2020-02-11,25.170000,25.690001,25.080000,25.610001,25.610001,1572700
2020-02-12,25.670000,26.760000,25.639999,26.680000,26.680000,1428300
2020-02-13,26.639999,27.820000,26.570000,27.700001,27.700001,1807700
2020-02-14,27.530001,27.840000,26.940001,27.190001,27.190001,1201000
2020-02-18,27.150000,27.520000,26.879999,27.270000,27.270000,963000
2020-02-19,27.490000,28.379999,27.490000,27.959999,27.959999,1339800
2020-02-20,27.950001,28.430000,27.590000,28.180000,28.180000,1857900
2020-02-21,26.430000,28.299999,24.350000,26.690001,26.690001,3923300
2020-02-24,26.299999,27.389999,25.820000,26.700001,26.700001,1739400
2020-02-25,26.790001,26.790001,24.660000,24.719999,24.719999,2502300
2020-02-26,24.709999,24.750000,23.250000,23.270000,23.270000,2013400
2020-02-27,22.709999,24.200001,22.410000,22.990000,22.990000,1946300
2020-02-28,22.170000,23.469999,22.010000,22.709999,22.709999,2870700
2020-03-02,23.240000,24.190001,22.820000,24.170000,24.170000,1877500
2020-03-03,24.090000,24.790001,23.370001,23.719999,23.719999,1710900
2020-03-04,24.260000,25.799999,24.070000,25.639999,25.639999,1689800
2020-03-05,24.830000,25.230000,24.110001,24.469999,24.469999,1555100
2020-03-06,23.530001,23.700001,21.410000,22.080000,22.080000,1861300
2020-03-09,20.430000,20.670000,18.740000,18.969999,18.969999,2120300
2020-03-10,19.840000,20.750000,19.180000,20.670000,20.670000,2458000
2020-03-11,19.790001,20.290001,18.840000,19.110001,19.110001,2156500
2020-03-12,17.080000,17.840000,14.710000,14.760000,14.760000,2978500
2020-03-13,15.350000,16.480000,14.610000,15.900000,15.900000,2590700
2020-03-16,9.800000,14.290000,9.000000,12.200000,12.200000,2843400
2020-03-17,12.190000,12.500000,10.110000,11.290000,11.290000,2906100
2020-03-18,10.290000,10.850000,9.670000,10.650000,10.650000,2741600
2020-03-19,10.500000,12.120000,9.790000,12.010000,12.010000,2262100
2020-03-20,12.370000,12.660000,11.250000,11.400000,11.400000,3607400
2020-03-23,11.500000,11.880000,10.660000,11.120000,11.120000,2038100
2020-03-24,12.000000,13.800000,11.940000,13.720000,13.720000,1725300
2020-03-25,14.120000,15.500000,13.550000,14.630000,14.630000,2087500
2020-03-26,14.960000,15.740000,13.760000,14.180000,14.180000,2057400
2020-03-27,13.400000,13.700000,12.750000,13.330000,13.330000,1529100
2020-03-30,13.300000,13.440000,12.510000,12.860000,12.860000,1428000
2020-03-31,12.770000,13.100000,12.020000,12.230000,12.230000,1951100
2020-04-01,11.530000,12.070000,11.230000,11.480000,11.480000,1885900
2020-04-02,11.300000,11.640000,10.910000,11.540000,11.540000,1674200
2020-04-03,11.480000,11.780000,10.580000,10.910000,10.910000,1638300
2020-04-06,11.650000,12.900000,11.450000,12.810000,12.810000,1616100
2020-04-07,13.700000,14.390000,13.450000,13.590000,13.590000,2022200
2020-04-08,13.950000,14.130000,13.390000,13.580000,13.580000,1755800
2020-04-09,14.100000,15.090000,13.610000,15.040000,15.040000,1930900
2020-04-13,14.960000,15.000000,13.590000,13.830000,13.830000,1056500
2020-04-14,14.530000,14.690000,14.010000,14.140000,14.140000,1102400
2020-04-15,13.470000,13.890000,12.840000,13.250000,13.250000,1211500
2020-04-16,13.380000,13.380000,12.490000,12.950000,12.950000,1410500
2020-04-17,13.450000,14.730000,13.450000,14.620000,14.620000,1304300
2020-04-20,13.970000,14.400000,13.630000,13.940000,13.940000,1105600
2020-04-21,13.450000,13.580000,13.290000,13.480000,13.480000,1096900
2020-04-22,13.890000,13.940000,13.330000,13.460000,13.460000,971400
2020-04-23,13.580000,14.230000,13.540000,13.960000,13.960000,717900
2020-04-24,14.110000,14.840000,13.820000,14.730000,14.730000,1062900
2020-04-27,15.000000,16.000000,14.890000,15.800000,15.800000,1193100
2020-04-28,16.610001,17.629999,16.139999,17.299999,17.299999,2364600
2020-04-29,17.950001,20.160000,17.900000,19.540001,19.540001,2178300
2020-04-30,18.860001,19.219999,17.980000,18.350000,18.350000,2819000
2020-05-01,16.990000,17.540001,16.270000,17.240000,17.240000,1681300
2020-05-04,16.730000,17.320000,16.500000,16.840000,16.840000,1182000
2020-05-05,16.740000,17.490000,16.570000,16.900000,16.900000,1146000
2020-05-06,17.000000,17.200001,16.200001,16.209999,16.209999,1078300
2020-05-07,16.600000,17.299999,16.469999,17.150000,17.150000,773100
2020-05-08,17.700001,17.969999,17.270000,17.889999,17.889999,999700
2020-05-11,17.370001,17.940001,16.790001,17.620001,17.620001,1323600
2020-05-12,17.760000,17.889999,16.500000,16.540001,16.540001,1089200
2020-05-13,16.250000,16.350000,15.040000,15.310000,15.310000,1586200
2020-05-14,14.740000,15.730000,14.290000,15.700000,15.700000,927700
2020-05-15,15.660000,16.190001,15.560000,16.090000,16.090000,1402300
2020-05-18,17.010000,19.110001,17.010000,18.879999,18.879999,1570200
2020-05-19,18.639999,18.639999,17.700001,17.709999,17.709999,1021000
2020-05-20,18.090000,18.870001,18.090000,18.510000,18.510000,1039500
2020-05-21,18.590000,18.850000,18.330000,18.440001,18.440001,750900
2020-05-22,18.540001,19.209999,18.280001,19.180000,19.180000,840800
2020-05-26,20.000000,21.100000,19.780001,20.559999,20.559999,1501300
2020-05-27,21.059999,22.629999,20.950001,22.290001,22.290001,2137700
2020-05-28,22.480000,22.490000,20.570000,20.660000,20.660000,1461700
2020-05-29,20.280001,21.250000,20.110001,20.809999,20.809999,1025100
2020-06-01,20.920000,21.850000,20.690001,21.500000,21.500000,1317500
2020-06-02,21.799999,22.660000,21.799999,22.490000,22.490000,1348700
2020-06-03,23.000000,23.110001,22.180000,22.250000,22.250000,1655800
2020-06-04,21.980000,22.780001,21.980000,22.440001,22.440001,1001000
2020-06-05,22.910000,24.250000,22.910000,23.540001,23.540001,1360500
2020-06-08,24.480000,24.650000,23.250000,23.400000,23.400000,1356900
2020-06-09,22.660000,23.030001,22.070000,22.709999,22.709999,869400
2020-06-10,22.570000,22.879999,21.670000,22.690001,22.690001,1176800
2020-06-11,20.879999,21.770000,20.280001,20.670000,20.670000,1341700
2020-06-12,22.100000,22.170000,20.129999,20.990000,20.990000,1019300
2020-06-15,20.000000,22.750000,20.000000,22.740000,22.740000,1064500
2020-06-16,23.639999,23.850000,22.260000,23.049999,23.049999,925500
2020-06-17,23.250000,23.250000,22.209999,22.260000,22.260000,488800
2020-06-18,22.660000,22.940001,22.020000,22.110001,22.110001,530000
2020-06-19,22.530001,22.570000,21.309999,21.580000,21.580000,1009100
2020-06-22,21.320000,21.719999,20.940001,21.700001,21.700001,970100
2020-06-23,22.080000,22.270000,21.440001,21.700001,21.700001,666700
2020-06-24,21.260000,21.830000,19.900000,20.660000,20.660000,825400
2020-06-25,20.309999,20.760000,19.580000,20.309999,20.309999,1126300
2020-06-26,20.170000,20.299999,19.340000,19.350000,19.350000,1617400
2020-06-29,19.680000,20.760000,19.500000,20.459999,20.459999,991800
2020-06-30,20.379999,21.000000,20.059999,20.700001,20.700001,961800
2020-07-01,20.840000,20.910000,19.670000,19.730000,19.730000,844900
2020-07-02,20.250000,21.000000,19.980000,20.070000,20.070000,694800
2020-07-06,20.620001,20.940001,20.049999,20.430000,20.430000,568400
2020-07-07,20.270000,20.389999,19.709999,19.840000,19.840000,694600
2020-07-08,20.080000,21.110001,19.959999,20.860001,20.860001,1132900
2020-07-09,20.830000,21.139999,19.520000,19.590000,19.590000,1034300
2020-07-10,19.660000,20.129999,19.030001,19.910000,19.910000,820300
2020-07-13,20.250000,20.400000,19.280001,19.340000,19.340000,835600
2020-07-14,19.270000,20.820000,19.110001,20.719999,20.719999,1100300
2020-07-15,21.209999,22.330000,21.110001,22.020000,22.020000,1188900
2020-07-16,21.980000,22.410000,21.680000,22.350000,22.350000,908400
2020-07-17,22.280001,22.459999,21.930000,22.049999,22.049999,515300
2020-07-20,21.860001,22.170000,21.620001,21.900000,21.900000,394500
2020-07-21,22.389999,22.530001,21.959999,22.270000,22.270000,751300
2020-07-22,22.110001,23.540001,22.040001,23.290001,23.290001,788500
2020-07-23,23.410000,24.000000,22.940001,23.260000,23.260000,1020500
2020-07-24,23.139999,23.480000,22.670000,23.100000,23.100000,737500
2020-07-27,23.070000,23.860001,23.010000,23.809999,23.809999,915800
2020-07-28,23.770000,23.879999,22.510000,22.559999,22.559999,1482900
2020-07-29,22.840000,23.760000,22.700001,23.700001,23.700001,970300
2020-07-30,23.389999,23.549999,22.520000,23.430000,23.430000,964300
2020-07-31,25.459999,26.000000,22.620001,23.690001,23.690001,2599000
2020-08-03,25.010000,27.430000,24.730000,27.270000,27.270000,2525700
2020-08-04,26.680000,26.980000,26.070000,26.219999,26.219999,1429100
2020-08-05,26.639999,26.860001,26.410000,26.530001,26.530001,1316000
2020-08-06,26.469999,26.719999,26.309999,26.490000,26.490000,966800
2020-08-07,26.330000,26.959999,26.330000,26.920000,26.920000,918700
2020-08-10,27.100000,28.110001,27.070000,27.780001,27.780001,1286600
2020-08-11,28.280001,28.379999,26.830000,27.059999,27.059999,1529100
2020-08-12,30.840000,31.180000,29.150000,30.360001,30.360001,7462600
2020-08-13,30.360001,31.980000,30.129999,31.379999,31.379999,6956200
2020-08-14,31.090000,31.690001,29.910000,30.270000,30.270000,20624100
2020-08-17,30.299999,30.920000,29.820000,30.020000,30.020000,2804800
2020-08-18,30.040001,30.230000,29.240000,29.490000,29.490000,2159000
2020-08-19,29.389999,29.580000,28.719999,28.809999,28.809999,1494000
2020-08-20,28.510000,28.680000,27.950001,28.170000,28.170000,1724400
2020-08-21,28.100000,28.639999,27.950001,28.620001,28.620001,1297700
2020-08-24,29.020000,29.290001,27.750000,28.129999,28.129999,1425000
2020-08-25,28.860001,28.860001,27.629999,28.030001,28.030001,747900
2020-08-26,28.020000,28.190001,27.650000,27.910000,27.910000,666900
2020-08-27,30.000000,30.770000,28.959999,30.240000,30.240000,11569500
2020-08-28,31.209999,32.470001,30.889999,31.670000,31.670000,8813900
2020-08-31,31.480000,31.740000,30.480000,30.620001,30.620001,3599500
2020-09-01,30.370001,31.270000,30.010000,30.980000,30.980000,3612300
2020-09-02,31.049999,31.559999,30.080000,31.520000,31.520000,3015500
2020-09-03,30.850000,31.240000,29.910000,30.160000,30.160000,3582100
2020-09-04,30.660000,30.700001,28.440001,30.020000,30.020000,3040000
2020-09-08,29.430000,31.240000,29.000000,30.020000,30.020000,3347400
2020-09-09,30.110001,31.240000,29.920000,30.920000,30.920000,2680200
2020-09-10,31.150000,31.850000,30.950001,31.219999,31.219999,5509600
2020-09-11,31.379999,32.099998,31.150000,31.900000,31.900000,3014800
2020-09-14,32.250000,33.000000,31.850000,32.849998,32.849998,2454200
2020-09-15,33.049999,33.169998,32.490002,32.580002,32.580002,2062200
2020-09-16,33.049999,33.450001,32.410000,33.169998,33.169998,3125000
2020-09-17,32.430000,33.110001,31.950001,32.279999,32.279999,3866900
2020-09-18,32.459999,32.549999,31.110001,31.709999,31.709999,4349700
2020-09-21,30.629999,30.900000,29.469999,30.049999,30.049999,3043600
2020-09-22,30.219999,30.879999,29.730000,30.830000,30.830000,1760200
2020-09-23,30.850000,31.010000,29.330000,29.600000,29.600000,2214700
2020-09-24,29.600000,30.799999,29.260000,30.030001,30.030001,1417000
2020-09-25,29.650000,30.750000,29.580000,30.590000,30.590000,1450000
2020-09-28,31.440001,32.380001,31.320000,32.299999,32.299999,1937700
2020-09-29,32.259998,32.520000,31.950001,32.000000,32.000000,1381000
2020-09-30,32.230000,33.209999,32.150002,32.619999,32.619999,2241700
2020-10-01,32.959999,33.279999,32.480000,33.160000,33.160000,2146100
2020-10-02,32.200001,33.880001,32.200001,33.689999,33.689999,2652500
2020-10-05,34.150002,34.419998,32.830002,33.389999,33.389999,2367200
2020-10-06,33.410000,34.360001,33.259998,33.419998,33.419998,2752400
2020-10-07,34.189999,34.380001,33.459999,33.840000,33.840000,1354600
2020-10-08,34.310001,34.400002,33.360001,33.869999,33.869999,1123600
2020-10-09,34.330002,34.490002,33.480000,34.000000,34.000000,1190400
2020-10-12,34.400002,34.669998,34.029999,34.540001,34.540001,1073100
2020-10-13,34.310001,34.529999,33.660000,34.180000,34.180000,1353100
2020-10-14,34.380001,34.689999,33.830002,33.910000,33.910000,620500
2020-10-15,33.400002,34.419998,33.000000,34.180000,34.180000,1213300
2020-10-16,34.279999,34.459999,33.430000,33.500000,33.500000,1118600
2020-10-19,33.619999,33.900002,32.540001,32.680000,32.680000,1258400
2020-10-20,32.750000,34.490002,32.680000,33.669998,33.669998,1808600
2020-10-21,33.570000,34.060001,32.459999,32.549999,32.549999,979700
2020-10-22,32.750000,32.900002,31.590000,32.250000,32.250000,1447500
2020-10-23,32.610001,33.070000,32.060001,32.660000,32.660000,1166500
2020-10-26,31.820000,32.130001,31.070000,31.690001,31.690001,1372900
2020-10-27,31.490000,32.180000,30.940001,31.350000,31.350000,1806700
2020-10-28,30.209999,31.389999,30.150000,30.510000,30.510000,1478900
2020-10-29,30.400000,30.620001,29.730000,30.010000,30.010000,1843100
2020-10-30,32.000000,32.970001,30.049999,30.299999,30.299999,4407900
2020-11-02,31.209999,32.930000,30.780001,32.669998,32.669998,3261600
2020-11-03,34.220001,34.220001,31.730000,32.680000,32.680000,2203200
2020-11-04,32.439999,34.490002,32.310001,34.099998,34.099998,1766100
2020-11-05,34.700001,36.070000,34.490002,34.650002,34.650002,2290600
2020-11-06,34.650002,34.770000,33.639999,34.090000,34.090000,4163300
2020-11-09,35.860001,36.880001,32.139999,32.209999,32.209999,3532300
2020-11-10,33.230000,34.139999,32.470001,33.799999,33.799999,2275400
2020-11-11,33.990002,34.439999,33.240002,34.380001,34.380001,1733900
2020-11-12,34.160000,34.700001,33.490002,33.830002,33.830002,1173000
2020-11-13,34.169998,35.020000,33.919998,34.840000,34.840000,1415300
2020-11-16,36.020000,36.240002,35.150002,35.860001,35.860001,1568400
2020-11-17,35.250000,36.189999,35.040001,35.810001,35.810001,1901500
2020-11-18,34.580002,36.459999,34.580002,36.049999,36.049999,1426300
2020-11-19,36.000000,36.849998,35.590000,36.740002,36.740002,1316000
2020-11-20,36.490002,36.500000,35.450001,35.759998,35.759998,1755100
2020-11-23,36.080002,37.150002,35.950001,36.779999,36.779999,1410800
2020-11-24,37.099998,37.259998,36.110001,37.090000,37.090000,1787100
2020-11-25,37.130001,37.520000,36.540001,37.330002,37.330002,1256600
2020-11-27,37.299999,38.090000,37.250000,37.930000,37.930000,920900
2020-11-30,37.810001,38.090000,36.680000,37.410000,37.410000,2513300
2020-12-01,38.400002,38.480000,35.720001,35.930000,35.930000,1903700
2020-12-02,35.660000,35.970001,34.709999,35.230000,35.230000,1755400
2020-12-03,35.230000,36.330002,34.900002,35.930000,35.930000,1061300
2020-12-04,35.950001,36.220001,34.419998,35.299999,35.299999,2201600
2020-12-07,35.740002,37.340000,35.240002,37.000000,37.000000,1668200
2020-12-08,36.759998,36.970001,35.209999,35.299999,35.299999,1889900
2020-12-09,35.500000,36.200001,35.110001,35.480000,35.480000,1450800
2020-12-10,35.099998,36.099998,34.759998,36.029999,36.029999,1014000
2020-12-11,35.840000,36.080002,35.299999,35.770000,35.770000,1139800
2020-12-14,36.040001,36.389999,35.400002,35.439999,35.439999,1467100
2020-12-15,35.750000,36.639999,35.320000,36.400002,36.400002,2368700
2020-12-16,36.680000,36.770000,35.450001,35.779999,35.779999,1272500
2020-12-17,36.389999,38.279999,36.099998,38.169998,38.169998,1619700
2020-12-18,38.810001,39.939999,37.959999,39.439999,39.439999,3017400
2020-12-21,38.389999,40.759998,38.279999,40.730000,40.730000,2322800
2020-12-22,40.830002,41.139999,40.060001,41.049999,41.049999,1754400
2020-12-23,41.220001,41.730000,40.619999,41.560001,41.560001,1667500
2020-12-24,41.599998,42.279999,41.360001,42.270000,42.270000,716800
2020-12-28,42.779999,42.779999,41.360001,41.919998,41.919998,2140800
2020-12-29,41.950001,42.490002,40.779999,41.910000,41.910000,3133400
2020-12-30,42.090000,42.840000,41.740002,42.279999,42.279999,2374700
2020-12-31,42.119999,42.299999,40.520000,40.810001,40.810001,14720800
2021-01-04,41.250000,41.570000,38.700001,39.830002,39.830002,2913800
2021-01-05,39.529999,40.340000,39.040001,39.700001,39.700001,3872900
2021-01-06,39.700001,40.980000,38.369999,40.939999,40.939999,4651700
2021-01-07,41.299999,42.450001,40.209999,42.389999,42.389999,2439500
2021-01-08,42.470001,42.549999,40.070000,40.169998,40.169998,3452600
2021-01-11,39.639999,40.380001,39.310001,39.630001,39.630001,2132400
2021-01-12,39.650002,39.889999,39.049999,39.500000,39.500000,2707700
2021-01-13,39.900002,40.070000,38.500000,38.599998,38.599998,2091100
2021-01-14,39.230000,40.500000,39.169998,40.250000,40.250000,3061400
2021-01-15,39.910000,41.630001,39.650002,40.869999,40.869999,3652500
2021-01-19,41.139999,41.470001,40.259998,40.400002,40.400002,2610500
2021-01-20,40.660000,41.500000,40.160000,41.470001,41.470001,3935200
2021-01-21,41.599998,43.480000,41.470001,42.599998,42.599998,2745600
2021-01-22,42.240002,42.939999,41.619999,42.880001,42.880001,2545600
2021-01-25,42.820000,43.150002,40.779999,41.930000,41.930000,1868900
2021-01-26,42.279999,42.470001,40.230000,40.360001,40.360001,1654100
2021-01-27,39.430000,39.639999,37.660000,37.939999,37.939999,2623600
2021-01-28,38.369999,39.270000,37.790001,38.889999,38.889999,2139900
2021-01-29,39.060001,39.240002,37.459999,38.250000,38.250000,1972900
2021-02-01,38.630001,39.540001,37.740002,39.419998,39.419998,1510700
2021-02-02,40.139999,40.240002,39.029999,39.959999,39.959999,1122800
2021-02-03,39.810001,40.869999,39.509998,40.369999,40.369999,1469200
2021-02-04,40.279999,41.599998,40.090000,41.549999,41.549999,1479700
2021-02-05,41.959999,42.630001,41.400002,42.590000,42.590000,1988700
2021-02-08,42.860001,43.770000,42.549999,43.410000,43.410000,1995400
2021-02-09,43.259998,43.990002,42.610001,43.490002,43.490002,1719800
2021-02-10,43.580002,43.830002,42.119999,42.689999,42.689999,1324400
2021-02-11,43.150002,43.490002,42.419998,43.419998,43.419998,1446000
2021-02-12,43.080002,44.130001,42.849998,43.419998,43.419998,1151900
2021-02-16,43.959999,43.959999,41.500000,41.709999,41.709999,1473200
2021-02-17,41.410000,41.660000,40.639999,41.220001,41.220001,1335200
2021-02-18,40.959999,41.270000,39.700001,40.049999,40.049999,2050800
2021-02-19,40.500000,41.619999,40.160000,40.910000,40.910000,1698800
2021-02-22,40.740002,42.090000,40.220001,41.380001,41.380001,1689900
2021-02-23,41.090000,42.080002,39.200001,41.730000,41.730000,1722000
2021-02-24,41.889999,42.540001,40.869999,42.400002,42.400002,2676800
2021-02-25,42.130001,42.259998,40.230000,40.610001,40.610001,2006400
2021-02-26,41.180000,44.709999,40.680000,43.270000,43.270000,3564300
2021-03-01,44.630001,45.919998,43.270000,44.840000,44.840000,2637100
2021-03-02,44.619999,44.619999,43.439999,43.709999,43.709999,2204600
2021-03-03,43.950001,44.240002,42.549999,43.250000,43.250000,2025900
2021-03-04,43.090000,43.389999,41.099998,42.320000,42.320000,2532200
2021-03-05,42.740002,43.660000,40.549999,43.520000,43.520000,2764000
2021-03-08,43.820000,44.750000,43.330002,44.330002,44.330002,2071500
2021-03-09,45.060001,45.459999,44.639999,44.820000,44.820000,1428200
2021-03-10,45.500000,47.310001,45.110001,47.080002,47.080002,2008200
2021-03-11,47.400002,47.500000,46.200001,47.049999,47.049999,1608800
2021-03-12,46.520000,47.439999,46.230000,46.740002,46.740002,1660200
2021-03-15,46.869999,47.259998,45.509998,47.029999,47.029999,2205400
2021-03-16,46.650002,47.070000,45.349998,45.799999,45.799999,1481900
2021-03-17,45.740002,47.740002,45.240002,47.500000,47.500000,2475400
2021-03-18,47.250000,47.599998,45.639999,45.680000,45.680000,1386000
2021-03-19,45.790001,46.349998,44.270000,45.900002,45.900002,5608200
2021-03-22,46.060001,46.340000,44.439999,44.869999,44.869999,1639600
2021-03-23,44.349998,44.400002,42.110001,42.279999,42.279999,3385200
2021-03-24,42.849998,44.270000,42.360001,42.369999,42.369999,2604900
2021-03-25,42.009998,44.349998,41.099998,44.049999,44.049999,1810600
2021-03-26,44.770000,46.689999,43.750000,46.619999,46.619999,2628600
2021-03-29,46.939999,46.939999,44.320000,44.759998,44.759998,1869700
2021-03-30,44.639999,45.939999,44.340000,45.910000,45.910000,1223500
2021-03-31,46.259998,47.009998,46.000000,46.369999,46.369999,1933100
2021-04-01,46.759998,48.060001,46.680000,47.369999,47.369999,2863600
2021-04-05,48.709999,49.040001,47.139999,47.590000,47.590000,1481300
2021-04-06,48.029999,48.380001,47.360001,48.049999,48.049999,1316600
2021-04-07,48.099998,48.220001,46.770000,46.950001,46.950001,1720100
2021-04-08,47.250000,47.500000,46.259998,47.340000,47.340000,977400
2021-04-09,47.180000,48.810001,47.119999,48.599998,48.599998,1428800
2021-04-12,48.900002,49.619999,48.250000,49.299999,49.299999,1714900
2021-04-13,49.189999,49.340000,47.400002,48.320000,48.320000,1338500
2021-04-14,48.240002,48.889999,47.700001,47.820000,47.820000,2180600
2021-04-15,48.060001,48.880001,48.060001,48.500000,48.500000,1634500
2021-04-16,49.220001,50.189999,49.040001,49.810001,49.810001,2574900
2021-04-19,50.000000,50.480000,49.029999,49.810001,49.810001,1900600
2021-04-20,49.470001,49.970001,46.980000,47.709999,47.709999,1907400
2021-04-21,47.470001,48.410000,47.299999,48.169998,48.169998,1536900
2021-04-22,48.439999,48.959999,47.230000,47.759998,47.759998,1977100
2021-04-23,48.160000,49.130001,47.779999,48.770000,48.770000,1378700
2021-04-26,49.189999,49.830002,49.020000,49.599998,49.599998,1791100
2021-04-27,49.869999,50.830002,49.529999,49.959999,49.959999,1338000
2021-04-28,49.810001,49.869999,48.849998,49.049999,49.049999,1126500
2021-04-29,49.950001,50.509998,49.139999,49.970001,49.970001,1587900
2021-04-30,49.520000,49.970001,48.389999,48.669998,48.669998,1992000
2021-05-03,49.349998,49.810001,48.880001,49.299999,49.299999,2009800
2021-05-04,48.770000,49.480000,48.240002,48.810001,48.810001,2182300
2021-05-05,48.709999,49.330002,47.680000,49.060001,49.060001,2406500
2021-05-06,52.000000,52.910000,49.919998,52.000000,52.000000,4275400
2021-05-07,52.360001,52.880001,50.970001,52.360001,52.360001,3076000
2021-05-10,53.150002,53.990002,52.230000,52.299999,52.299999,3310300
2021-05-11,50.759998,51.380001,49.169998,50.400002,50.400002,2970200
2021-05-12,49.709999,49.869999,46.410000,46.639999,46.639999,4432700
2021-05-13,47.000000,48.619999,46.730000,47.959999,47.959999,3238300
2021-05-14,48.500000,48.860001,47.369999,47.930000,47.930000,3635000
2021-05-17,47.630001,48.049999,46.130001,47.950001,47.950001,2358800
2021-05-18,48.160000,48.439999,45.759998,45.849998,45.849998,3141600
2021-05-19,44.930000,45.400002,43.700001,44.619999,44.619999,4142600
2021-05-20,44.950001,45.020000,44.009998,44.779999,44.779999,2245500
2021-05-21,45.320000,46.090000,43.919998,43.959999,43.959999,2700800
2021-05-24,44.560001,44.880001,44.060001,44.480000,44.480000,1996100
2021-05-25,44.700001,46.139999,44.610001,44.860001,44.860001,2614300
2021-05-26,44.970001,45.570000,44.400002,45.169998,45.169998,1745100
2021-05-27,45.790001,46.000000,45.000000,45.150002,45.150002,2169500
2021-05-28,45.349998,45.459999,43.740002,44.540001,44.540001,1851600
2021-06-01,44.980000,45.430000,44.240002,44.470001,44.470001,1980000
2021-06-02,44.500000,44.599998,42.669998,42.880001,42.880001,3349200
2021-06-03,42.520000,42.770000,41.750000,42.250000,42.250000,3256400
2021-06-04,42.520000,43.320000,41.950001,42.700001,42.700001,2516700
2021-06-07,42.790001,42.880001,41.889999,41.930000,41.930000,2030500
2021-06-08,41.820000,42.430000,41.230000,42.259998,42.259998,3718800
2021-06-09,43.189999,44.360001,42.950001,43.759998,43.759998,5802800
2021-06-10,43.590000,43.820000,42.310001,42.680000,42.680000,6612800
2021-06-11,43.090000,44.130001,43.080002,43.860001,43.860001,3052800
2021-06-14,43.740002,43.889999,41.919998,42.610001,42.610001,4493400
2021-06-15,42.500000,43.669998,42.349998,43.360001,43.360001,2732100
2021-06-16,42.959999,43.650002,42.509998,43.330002,43.330002,2540000
2021-06-17,43.270000,44.070000,42.110001,43.029999,43.029999,2679300
2021-06-18,41.959999,43.330002,41.959999,42.220001,42.220001,3800200
2021-06-21,42.770000,43.950001,42.380001,43.880001,43.880001,2939500
2021-06-22,43.910000,44.500000,43.220001,44.430000,44.430000,2978000
2021-06-23,44.360001,44.630001,43.700001,44.150002,44.150002,1957300
2021-06-24,44.709999,44.900002,43.930000,44.840000,44.840000,2645400
2021-06-25,44.840000,45.860001,44.610001,45.209999,45.209999,29314900
2021-06-28,45.560001,45.669998,45.099998,45.240002,45.240002,3753100
2021-06-29,45.279999,45.459999,42.500000,42.570000,42.570000,4612800
2021-06-30,42.680000,43.029999,41.750000,42.660000,42.660000,4055500
2021-07-01,42.730000,43.939999,42.549999,43.680000,43.680000,3050200
2021-07-02,43.700001,43.840000,43.160000,43.259998,43.259998,1415300
2021-07-06,43.049999,43.090000,41.060001,42.169998,42.169998,3324000
2021-07-07,41.959999,43.099998,41.650002,43.009998,43.009998,2606100
2021-07-08,41.380001,42.490002,40.930000,41.750000,41.750000,3805600
2021-07-09,42.450001,42.869999,42.259998,42.770000,42.770000,2607600
2021-07-12,42.619999,43.900002,42.580002,43.750000,43.750000,1991800
2021-07-13,43.470001,43.590000,42.080002,42.330002,42.330002,2021500
2021-07-14,42.500000,42.930000,41.470001,41.950001,41.950001,2649100
2021-07-15,41.680000,42.680000,41.619999,41.840000,41.840000,2222200
2021-07-16,41.560001,42.070000,40.880001,40.980000,40.980000,2112800
2021-07-19,39.869999,41.020000,39.240002,40.470001,40.470001,2610000
2021-07-20,40.430000,42.270000,40.240002,41.990002,41.990002,2706000
2021-07-21,43.410000,45.290001,43.410000,44.939999,44.939999,5514900
2021-07-22,44.520000,44.849998,43.869999,44.549999,44.549999,2224200
2021-07-23,44.930000,45.689999,44.549999,45.360001,45.360001,1750000
2021-07-26,45.509998,45.570000,43.660000,44.009998,44.009998,2340900
2021-07-27,44.130001,44.360001,43.310001,44.200001,44.200001,1193600
2021-07-28,44.259998,44.860001,43.009998,44.119999,44.119999,1132200
2021-07-29,44.660000,45.639999,44.450001,44.939999,44.939999,1684100
2021-07-30,44.580002,45.400002,44.450001,44.500000,44.500000,1445100
2021-08-02,44.529999,45.599998,44.220001,44.450001,44.450001,2046900
2021-08-03,44.770000,46.000000,43.730000,45.860001,45.860001,2231200
2021-08-04,45.369999,47.000000,45.259998,45.950001,45.950001,2957700
2021-08-05,47.259998,48.900002,47.000000,47.330002,47.330002,3786800
2021-08-06,48.020000,48.150002,46.900002,47.290001,47.290001,1910700
2021-08-09,47.290001,48.209999,46.750000,47.500000,47.500000,2050600
2021-08-10,47.619999,49.470001,47.450001,48.790001,48.790001,2001900
2021-08-11,48.820000,50.310001,48.360001,50.240002,50.240002,2382000
2021-08-12,52.000000,52.720001,51.209999,51.900002,51.900002,4437600
2021-08-13,51.500000,52.259998,51.160000,51.759998,51.759998,2061800
2021-08-16,51.570000,52.040001,50.580002,51.580002,51.580002,2211300
2021-08-17,50.779999,51.020000,49.099998,49.700001,49.700001,3816900
2021-08-18,49.240002,50.150002,49.130001,49.220001,49.220001,2683100
2021-08-19,48.250000,49.410000,47.869999,48.430000,48.430000,2849700
2021-08-20,48.240002,49.250000,47.910000,49.110001,49.110001,1786100
2021-08-23,49.500000,50.259998,49.009998,50.169998,50.169998,1663400
2021-08-24,50.410000,51.900002,50.410000,51.139999,51.139999,2378300
2021-08-25,51.250000,53.130001,51.009998,52.389999,52.389999,2212100
2021-08-26,52.410000,52.840000,51.540001,51.750000,51.750000,1887600
2021-08-27,51.599998,53.740002,51.599998,53.250000,53.250000,1988500
2021-08-30,53.560001,53.959999,52.639999,53.419998,53.419998,1822200
2021-08-31,53.450001,53.900002,52.820000,53.290001,53.290001,2046900
2021-09-01,53.540001,54.070000,52.590000,53.590000,53.590000,2190700
2021-09-02,54.169998,55.169998,54.160000,54.610001,54.610001,1837000
2021-09-03,54.220001,54.730000,53.720001,54.490002,54.490002,1360000
2021-09-07,54.740002,54.910000,54.169998,54.330002,54.330002,1408700
2021-09-08,53.950001,54.650002,53.689999,54.130001,54.130001,1572100
2021-09-09,54.150002,54.919998,54.009998,54.369999,54.369999,1367500
2021-09-10,54.740002,55.000000,53.410000,53.470001,53.470001,1938400
2021-09-13,54.439999,54.490002,53.230000,53.540001,53.540001,2479100
2021-09-14,53.380001,53.450001,52.049999,52.310001,52.310001,1779000
2021-09-15,52.150002,53.490002,51.680000,53.119999,53.119999,2430400
2021-09-16,52.919998,53.389999,52.419998,52.799999,52.799999,1843500
2021-09-17,52.810001,53.480000,52.419998,52.820000,52.820000,3152500
2021-09-20,51.000000,52.090000,50.590000,52.020000,52.020000,1788100
2021-09-21,52.209999,52.919998,51.520000,52.400002,52.400002,1369800
2021-09-22,52.990002,54.689999,52.830002,53.959999,53.959999,2739400
2021-09-23,53.910000,55.049999,53.840000,54.259998,54.259998,1868500
2021-09-24,54.180000,54.549999,53.889999,54.160000,54.160000,1313600
2021-09-27,53.980000,55.540001,53.910000,54.900002,54.900002,1924600
2021-09-28,54.360001,54.750000,53.529999,53.939999,53.939999,1739400
2021-09-29,54.400002,54.790001,53.730000,53.919998,53.919998,1439700
2021-09-30,53.980000,54.150002,51.720001,51.740002,51.740002,2446800
2021-10-01,52.000000,53.459999,51.639999,52.959999,52.959999,1929500
2021-10-04,52.720001,53.169998,52.270000,52.580002,52.580002,1950800
2021-10-05,52.669998,53.680000,52.029999,52.730000,52.730000,1482800
2021-10-06,52.310001,53.340000,51.330002,53.139999,53.139999,1258800
2021-10-07,53.680000,55.500000,53.680000,54.750000,54.750000,1455000
2021-10-08,54.840000,55.980000,54.450001,55.090000,55.090000,1568700
2021-10-11,55.110001,56.000000,55.090000,55.200001,55.200001,1095100
2021-10-12,55.320000,56.310001,55.099998,55.450001,55.450001,1641400
2021-10-13,55.990002,56.610001,55.500000,56.419998,56.419998,1392500
2021-10-14,57.000000,57.810001,56.450001,56.810001,56.810001,2031200
2021-10-15,57.540001,57.930000,56.930000,57.070000,57.070000,1886500
2021-10-18,57.150002,58.230000,56.770000,57.820000,57.820000,1743100
2021-10-19,57.830002,58.250000,57.220001,57.520000,57.520000,1401200
2021-10-20,57.799999,58.810001,57.240002,58.290001,58.290001,1318500
2021-10-21,57.860001,58.900002,57.740002,58.549999,58.549999,1287200
2021-10-22,58.619999,59.560001,58.380001,58.889999,58.889999,1409000
2021-10-25,58.990002,60.180000,58.840000,60.139999,60.139999,1870900
2021-10-26,60.139999,60.509998,58.259998,58.759998,58.759998,2019300
2021-10-27,59.310001,59.590000,56.639999,57.040001,57.040001,1861100
2021-10-28,57.330002,58.470001,57.119999,58.240002,58.240002,1580600
2021-10-29,58.080002,58.480000,57.779999,58.270000,58.270000,1462200
2021-11-01,58.560001,59.279999,57.450001,58.540001,58.540001,1639400
2021-11-02,58.470001,58.709999,57.049999,58.200001,58.200001,1698300
2021-11-03,58.000000,60.459999,57.750000,60.259998,60.259998,3574700
2021-11-04,66.970001,68.000000,64.589996,65.400002,65.400002,5254100
2021-11-05,67.959999,68.919998,66.680000,67.239998,67.239998,3217500
2021-11-08,68.459999,68.910004,66.529999,66.839996,66.839996,2281600
2021-11-09,67.610001,68.449997,67.010002,67.680000,67.680000,2177300
2021-11-10,67.010002,68.279999,66.279999,66.919998,66.919998,1784200
2021-11-11,67.019997,68.389999,66.900002,67.459999,67.459999,1221500
2021-11-12,68.000000,68.360001,67.430000,68.000000,68.000000,1416100
2021-11-15,68.900002,68.900002,66.680000,67.000000,67.000000,2020000
2021-11-16,67.529999,69.379997,67.169998,69.000000,69.000000,3213600
2021-11-17,68.639999,69.589996,67.919998,69.250000,69.250000,1733700
2021-11-18,72.080002,72.080002,69.610001,71.190002,71.190002,3206200
2021-11-19,70.599998,72.070000,70.160004,70.239998,70.239998,2699200
2021-11-22,71.389999,73.360001,70.970001,71.800003,71.800003,2560700
2021-11-23,71.019997,73.370003,70.680000,73.349998,73.349998,2213400
2021-11-24,73.000000,74.150002,72.820000,73.709999,73.709999,1932800
2021-11-26,71.680000,72.769997,70.930000,71.430000,71.430000,2197400
2021-11-29,72.959999,73.330002,71.430000,71.849998,71.849998,2435000
2021-11-30,71.250000,71.500000,68.769997,69.440002,69.440002,2764200
2021-12-01,71.550003,73.029999,70.139999,70.220001,70.220001,2536000
2021-12-02,70.180000,74.199997,70.180000,73.320000,73.320000,2631700
2021-12-03,73.779999,74.410004,70.489998,71.110001,71.110001,3087700
2021-12-06,72.199997,74.470001,71.739998,73.379997,73.379997,2856500
2021-12-07,77.040001,80.949997,75.760002,76.000000,76.000000,5495500
2021-12-08,78.419998,79.019997,75.940002,76.480003,76.480003,3587600
2021-12-09,76.510002,79.000000,75.849998,77.750000,77.750000,2943800
2021-12-10,78.129997,79.680000,77.930000,79.570000,79.570000,3218100
2021-12-13,80.129997,80.220001,77.089996,77.440002,77.440002,3203100
2021-12-14,76.169998,77.629997,75.519997,76.639999,76.639999,2880000
2021-12-15,76.940002,78.360001,75.820000,78.260002,78.260002,2838500
2021-12-16,79.000000,79.150002,76.879997,77.250000,77.250000,2466600
2021-12-17,76.169998,77.620003,75.680000,76.830002,76.830002,8229000
2021-12-20,75.489998,75.610001,72.599998,75.129997,75.129997,3020800
2021-12-21,76.029999,78.690002,76.029999,78.690002,78.690002,2773900
2021-12-22,78.690002,81.430000,78.510002,81.059998,81.059998,2502100
2021-12-23,81.199997,82.900002,80.889999,82.150002,82.150002,2384400
2021-12-27,82.730003,84.430000,82.500000,84.309998,84.309998,2562600
2021-12-28,84.000000,85.080002,83.959999,84.459999,84.459999,1885300
2021-12-29,84.459999,85.300003,83.720001,85.050003,85.050003,2321600
2021-12-30,85.050003,85.769997,83.809998,84.050003,84.050003,1576100
2021-12-31,84.290001,86.199997,84.199997,85.709999,85.709999,1449700
2022-01-03,86.199997,86.480003,82.690002,83.489998,83.489998,2984600
2022-01-04,84.360001,85.550003,83.800003,85.419998,85.419998,2344800
2022-01-05,86.180000,86.449997,82.040001,82.400002,82.400002,3458700
2022-01-06,83.089996,83.089996,80.519997,82.459999,82.459999,4030700
2022-01-07,82.500000,82.930000,77.690002,78.629997,78.629997,3729200
2022-01-10,77.449997,79.070000,76.059998,79.010002,79.010002,2863400
2022-01-11,79.410004,80.559998,77.430000,80.489998,80.489998,2915800
2022-01-12,81.500000,82.970001,80.500000,81.180000,81.180000,2119700
2022-01-13,81.599998,83.360001,80.209999,80.580002,80.580002,1933700
2022-01-14,78.870003,80.400002,77.220001,78.680000,78.680000,2017900
2022-01-18,77.230003,77.739998,75.559998,75.949997,75.949997,2462900
2022-01-19,76.190002,76.889999,72.550003,72.629997,72.629997,3122100
2022-01-20,73.769997,74.169998,69.529999,69.739998,69.739998,3144200
2022-01-21,69.000000,70.309998,66.870003,67.000000,67.000000,3731000
2022-01-24,64.970001,70.160004,63.900002,69.800003,69.800003,3403100
2022-01-25,67.919998,69.279999,67.110001,67.750000,67.750000,2257200
2022-01-26,69.209999,70.360001,65.050003,65.800003,65.800003,3039500
2022-01-27,66.980003,67.430000,64.139999,64.190002,64.190002,2923700
2022-01-28,64.430000,66.430000,63.200001,66.360001,66.360001,2274800
2022-01-31,66.070000,68.040001,65.769997,67.989998,67.989998,2595800
2022-02-01,68.709999,70.379997,67.470001,70.099998,70.099998,2765200
2022-02-02,70.459999,72.019997,70.070000,71.550003,71.550003,2959700
2022-02-03,70.489998,71.339996,69.110001,69.489998,69.489998,1781000
2022-02-04,68.849998,69.639999,65.790001,66.809998,66.809998,3069400
2022-02-07,67.190002,68.750000,66.889999,67.519997,67.519997,1552700
2022-02-08,67.779999,70.550003,67.699997,70.070000,70.070000,1916800
2022-02-09,71.339996,72.959999,70.580002,71.480003,71.480003,2130900
2022-02-10,69.940002,72.000000,68.550003,69.029999,69.029999,2479500
2022-02-11,69.709999,70.940002,67.610001,68.379997,68.379997,1947500
2022-02-14,68.099998,70.500000,68.099998,68.779999,68.779999,1790200
2022-02-15,69.800003,71.660004,69.550003,71.339996,71.339996,1409600
2022-02-16,70.669998,71.580002,69.779999,71.169998,71.169998,1370900
2022-02-17,70.750000,71.400002,68.900002,69.050003,69.050003,1734400
2022-02-18,70.830002,72.949997,70.250000,71.720001,71.720001,2184500
2022-02-22,70.830002,71.580002,68.330002,69.360001,69.360001,2321500
2022-02-23,70.120003,70.660004,66.169998,66.620003,66.620003,2541200
2022-02-24,64.129997,69.669998,63.560001,69.540001,69.540001,2341000
2022-02-25,69.760002,72.879997,69.050003,72.720001,72.720001,1877600
2022-02-28,71.360001,74.760002,71.339996,74.419998,74.419998,3075900
2022-03-01,76.500000,77.919998,71.769997,73.050003,73.050003,3322300
2022-03-02,74.510002,77.720001,73.750000,77.269997,77.269997,3180100
2022-03-03,77.760002,78.489998,74.519997,74.870003,74.870003,2769100
2022-03-04,74.300003,74.910004,72.589996,74.110001,74.110001,2749600
2022-03-07,73.580002,73.959999,67.650002,67.919998,67.919998,3136500
2022-03-08,68.650002,72.220001,67.489998,70.570000,70.570000,3530900
2022-03-09,73.040001,74.620003,72.190002,73.849998,73.849998,2468300
2022-03-10,72.360001,75.019997,72.089996,74.660004,74.660004,2511300
2022-03-11,75.330002,76.370003,73.910004,74.330002,74.330002,1516700
2022-03-14,74.139999,74.930000,68.639999,70.010002,70.010002,3471800
2022-03-15,70.849998,73.559998,70.209999,73.360001,73.360001,2493200
2022-03-16,74.000000,75.910004,71.959999,75.269997,75.269997,2474200
2022-03-17,74.870003,77.129997,74.239998,76.900002,76.900002,1470500
2022-03-18,75.900002,78.599998,75.239998,78.290001,78.290001,3071400
2022-03-21,78.010002,78.489998,75.430000,76.360001,76.360001,1563600
2022-03-22,76.559998,77.650002,75.330002,76.300003,76.300003,1781200
2022-03-23,75.180000,75.720001,73.459999,73.489998,73.489998,1397500
2022-03-24,73.099998,73.150002,69.190002,69.529999,69.529999,3346500
2022-03-25,69.379997,70.139999,66.410004,67.959999,67.959999,3017400
2022-03-28,68.290001,69.519997,66.949997,69.330002,69.330002,2771300
2022-03-29,70.580002,72.989998,70.430000,71.849998,71.849998,2176800
2022-03-30,71.019997,71.430000,67.459999,67.949997,67.949997,2117700
2022-03-31,67.919998,68.089996,64.529999,64.540001,64.540001,3685800
2022-04-01,65.339996,66.480003,63.830002,64.199997,64.199997,3169900
2022-04-04,64.279999,65.440002,63.430000,64.919998,64.919998,2505600
2022-04-05,64.459999,65.370003,62.459999,62.639999,62.639999,2817700
2022-04-06,60.900002,61.369999,59.619999,59.939999,59.939999,4505900
2022-04-07,58.759998,60.459999,58.599998,59.869999,59.869999,3232500
2022-04-08,59.930000,62.009998,59.529999,59.860001,59.860001,2186400
2022-04-11,59.099998,62.389999,58.799999,60.759998,60.759998,2621200
2022-04-12,62.000000,63.990002,59.810001,60.330002,60.330002,2377200
2022-04-13,60.639999,62.660000,60.320000,62.110001,62.110001,1764200
2022-04-14,62.470001,63.330002,61.110001,61.160000,61.160000,1798300
2022-04-18,61.000000,62.040001,60.189999,60.799999,60.799999,2578200
2022-04-19,60.709999,64.290001,60.709999,63.630001,63.630001,3263700
2022-04-20,64.459999,65.709999,64.239998,64.989998,64.989998,3640800
2022-04-21,66.250000,66.830002,62.119999,62.389999,62.389999,2599000
2022-04-22,62.520000,63.299999,61.119999,61.410000,61.410000,1591400
2022-04-25,60.970001,66.089996,60.580002,65.849998,65.849998,3144100
2022-04-26,65.190002,66.040001,60.799999,61.360001,61.360001,2796900
2022-04-27,61.430000,62.209999,59.320000,60.419998,60.419998,1879200
2022-04-28,60.700001,64.519997,59.959999,63.970001,63.970001,2063900
2022-04-29,63.320000,64.580002,61.360001,61.570000,61.570000,1847300
2022-05-02,61.740002,63.360001,60.590000,63.279999,63.279999,2049400
2022-05-03,63.230000,65.070000,62.560001,64.830002,64.830002,2516500
2022-05-04,65.209999,68.919998,64.190002,68.610001,68.610001,2424800
2022-05-05,67.260002,68.510002,64.839996,65.910004,65.910004,2473100
2022-05-06,65.150002,65.660004,62.639999,65.089996,65.089996,2629500
2022-05-09,63.639999,66.480003,63.110001,64.750000,64.750000,2967800
2022-05-10,69.150002,71.599998,64.489998,65.129997,65.129997,4515400
2022-05-11,65.330002,68.000000,62.919998,62.990002,62.990002,2903000
2022-05-12,62.470001,65.010002,61.500000,64.000000,64.000000,3544400
2022-05-13,64.889999,69.150002,64.889999,66.889999,66.889999,3549800
2022-05-16,67.279999,67.779999,64.150002,66.720001,66.720001,3150700
2022-05-17,68.379997,69.309998,65.489998,68.360001,68.360001,3281700
2022-05-18,67.269997,67.510002,62.770000,62.990002,62.990002,3478700
2022-05-19,62.480000,64.550003,62.119999,62.709999,62.709999,3038300
2022-05-20,63.750000,63.980000,58.669998,60.820000,60.820000,4469600
2022-05-23,61.180000,63.160000,60.220001,62.500000,62.500000,2477200
2022-05-24,62.009998,62.290001,57.209999,59.040001,59.040001,3996300
2022-05-25,58.700001,62.680000,58.650002,62.240002,62.240002,2681900
2022-05-26,62.910000,66.580002,62.880001,66.269997,66.269997,2025000
2022-05-27,67.150002,68.000000,65.559998,66.760002,66.760002,1908900
2022-05-31,66.370003,66.470001,64.529999,65.089996,65.089996,2834300
2022-06-01,65.800003,66.199997,62.709999,63.810001,63.810001,2077700
2022-06-02,63.880001,65.919998,63.840000,65.870003,65.870003,1753400
2022-06-03,64.599998,66.120003,64.070000,65.800003,65.800003,1745200
2022-06-06,66.279999,67.790001,65.410004,66.570000,66.570000,2224600
2022-06-07,65.660004,67.690002,65.309998,67.660004,67.660004,1483400
2022-06-08,67.330002,67.620003,65.029999,65.519997,65.519997,1661600
2022-06-09,65.000000,66.849998,64.620003,65.169998,65.169998,2050700
2022-06-10,64.000000,64.150002,60.009998,60.169998,60.169998,2972600
2022-06-13,57.330002,58.230000,55.270000,55.470001,55.470001,3864600
2022-06-14,55.770000,57.340000,54.439999,55.099998,55.099998,3907500
2022-06-15,55.980000,56.750000,53.770000,55.459999,55.459999,4300200
2022-06-16,53.150002,54.410000,49.919998,50.480000,50.480000,4546600
2022-06-17,50.660000,51.270000,49.180000,50.480000,50.480000,7775100
2022-06-21,51.599998,52.580002,50.360001,50.900002,50.900002,3881800
2022-06-22,49.049999,51.200001,48.910000,50.020000,50.020000,5205400
2022-06-23,50.070000,51.770000,49.910000,51.119999,51.119999,2686200
2022-06-24,51.669998,54.450001,51.669998,52.799999,52.799999,3870800
2022-06-27,53.000000,54.529999,52.779999,53.439999,53.439999,2963800
2022-06-28,53.639999,54.790001,52.570000,52.650002,52.650002,2361100
2022-06-29,52.669998,53.520000,51.889999,52.669998,52.669998,2114300
2022-06-30,51.740002,54.580002,51.369999,53.700001,53.700001,3091600
2022-07-01,53.889999,57.740002,53.700001,57.459999,57.459999,3419500
2022-07-05,56.099998,58.700001,55.900002,58.689999,58.689999,2625900
2022-07-06,58.669998,59.840000,56.900002,58.860001,58.860001,2949900
2022-07-07,59.310001,60.790001,58.720001,60.520000,60.520000,2783200
2022-07-08,60.770000,61.110001,59.730000,60.740002,60.740002,2111400
2022-07-11,60.020000,61.380001,59.820000,59.980000,59.980000,1548200
2022-07-12,59.910000,62.660000,59.910000,62.509998,62.509998,3046700
2022-07-13,61.180000,63.400002,59.830002,63.110001,63.110001,2679100
2022-07-14,61.240002,63.169998,60.029999,62.849998,62.849998,2799000
2022-07-15,63.709999,64.019997,61.389999,63.840000,63.840000,2628700
2022-07-18,64.309998,65.720001,63.560001,63.720001,63.720001,2070800
2022-07-19,65.019997,65.699997,64.279999,65.370003,65.370003,3159000
2022-07-20,65.290001,66.330002,64.379997,66.120003,66.120003,2690800
2022-07-21,65.599998,66.110001,63.139999,65.690002,65.690002,2641900
2022-07-22,66.260002,67.550003,64.839996,65.559998,65.559998,2068100
2022-07-25,65.370003,66.309998,64.370003,65.180000,65.180000,1484200
2022-07-26,65.180000,65.459999,63.689999,64.339996,64.339996,1675700
2022-07-27,64.760002,65.790001,63.549999,65.239998,65.239998,1343000
2022-07-28,65.330002,66.010002,64.169998,65.830002,65.830002,1986800
2022-07-29,66.400002,68.309998,66.190002,68.000000,68.000000,2744300
2022-08-01,70.720001,74.480003,69.459999,73.339996,73.339996,5421900
2022-08-02,71.910004,72.410004,70.129997,70.269997,70.269997,3339200
2022-08-03,70.110001,71.029999,67.459999,69.010002,69.010002,2869900
2022-08-04,68.500000,71.150002,68.019997,70.809998,70.809998,1724500
2022-08-05,70.239998,70.239998,67.739998,68.370003,68.370003,1680000
2022-08-08,68.769997,70.480003,68.750000,69.779999,69.779999,1515200
2022-08-09,68.900002,69.150002,66.410004,66.779999,66.779999,2021300
2022-08-10,68.660004,70.300003,68.099998,68.370003,68.370003,1796500
2022-08-11,68.839996,72.110001,68.510002,70.260002,70.260002,2608200
2022-08-12,70.639999,71.570000,69.570000,70.750000,70.750000,1421400
2022-08-15,69.820000,69.900002,67.110001,69.660004,69.660004,2572100
2022-08-16,69.059998,70.019997,68.160004,69.209999,69.209999,1578500
2022-08-17,67.800003,68.320000,66.360001,67.000000,67.000000,1389700
2022-08-18,67.889999,68.830002,67.419998,68.430000,68.430000,1316300
2022-08-19,67.610001,67.800003,65.900002,66.320000,66.320000,1327100
2022-08-22,65.000000,66.040001,64.669998,64.779999,64.779999,1291700
2022-08-23,65.080002,66.050003,64.169998,64.199997,64.199997,1518200
2022-08-24,63.570000,65.440002,63.180000,64.440002,64.440002,1078600
2022-08-25,64.699997,65.720001,63.880001,65.269997,65.269997,1347400
2022-08-26,64.949997,65.000000,61.860001,62.099998,62.099998,1945800
2022-08-29,61.459999,62.080002,60.410000,60.439999,60.439999,1488800
2022-08-30,60.700001,61.080002,59.419998,59.849998,59.849998,1671200
2022-08-31,59.459999,59.770000,58.480000,58.610001,58.610001,2047500
2022-09-01,58.090000,59.299999,57.330002,58.759998,58.759998,1856200
2022-09-02,59.799999,60.139999,58.220001,58.570000,58.570000,1879700
2022-09-06,58.509998,58.700001,57.020000,57.639999,57.639999,1997300
2022-09-07,57.750000,58.799999,56.880001,58.630001,58.630001,1988200
2022-09-08,57.709999,58.840000,56.910000,58.680000,58.680000,1699700
2022-09-09,59.139999,61.240002,59.119999,61.169998,61.169998,1760100
2022-09-12,61.770000,62.389999,60.910000,61.410000,61.410000,1593100
2022-09-13,58.730000,59.099998,56.470001,56.610001,56.610001,2520700
2022-09-14,56.570000,56.570000,54.410000,55.220001,55.220001,2849000
2022-09-15,55.000000,56.230000,54.750000,55.299999,55.299999,2686900
2022-09-16,54.410000,56.119999,54.200001,55.410000,55.410000,7396000
2022-09-19,54.939999,57.990002,54.750000,57.150002,57.150002,2446700
2022-09-20,56.189999,56.599998,54.880001,56.310001,56.310001,2186000
2022-09-21,56.919998,58.830002,56.529999,56.610001,56.610001,1883800
2022-09-22,56.299999,56.799999,55.330002,55.509998,55.509998,2408800
2022-09-23,54.590000,54.630001,53.060001,54.139999,54.139999,2840000
2022-09-26,53.650002,54.590000,52.700001,52.889999,52.889999,2427500
2022-09-27,53.750000,54.759998,53.209999,54.290001,54.290001,1823200
2022-09-28,54.750000,58.709999,54.740002,58.459999,58.459999,2788800
2022-09-29,57.439999,58.400002,56.790001,58.200001,58.200001,2686300
2022-09-30,58.160000,60.340000,57.340000,58.919998,58.919998,2496000
2022-10-03,59.130001,60.779999,59.099998,60.279999,60.279999,2217900
2022-10-04,61.770000,63.560001,61.770000,63.450001,63.450001,2587200
2022-10-05,62.349998,64.379997,62.020000,63.619999,63.619999,1571100
2022-10-06,63.000000,64.660004,63.000000,63.790001,63.790001,2137400
2022-10-07,62.779999,63.299999,61.689999,63.240002,63.240002,1731100
2022-10-10,63.720001,65.180000,63.290001,64.089996,64.089996,1996500
2022-10-11,63.480000,65.040001,63.299999,64.190002,64.190002,2312600
2022-10-12,64.139999,64.470001,62.250000,62.820000,62.820000,1361200
2022-10-13,60.459999,63.560001,58.389999,62.369999,62.369999,2246500
2022-10-14,62.669998,63.380001,57.840000,57.959999,57.959999,3486500
2022-10-17,59.490002,60.669998,58.669998,58.980000,58.980000,2725400
2022-10-18,60.450001,61.750000,59.930000,60.650002,60.650002,1965700
2022-10-19,59.430000,59.930000,55.490002,56.340000,56.340000,2778100
2022-10-20,56.450001,57.040001,54.430000,54.450001,54.450001,2208900
2022-10-21,54.360001,56.590000,53.790001,56.320000,56.320000,2409100
2022-10-24,56.799999,58.049999,56.400002,57.759998,57.759998,1234300
2022-10-25,58.070000,60.750000,58.070000,60.470001,60.470001,1596700
2022-10-26,60.419998,61.740002,59.630001,60.700001,60.700001,1497100
2022-10-27,60.980000,62.830002,60.740002,60.860001,60.860001,1202800
2022-10-28,60.709999,62.090000,59.869999,61.939999,61.939999,1138500
2022-10-31,61.180000,62.509998,60.970001,61.660000,61.660000,1347200
2022-11-01,62.790001,63.720001,60.580002,61.580002,61.580002,1085900
2022-11-02,61.279999,61.349998,57.610001,57.709999,57.709999,1840400
2022-11-03,56.009998,57.500000,54.820000,56.560001,56.560001,1879700
2022-11-04,57.959999,58.790001,55.349998,56.680000,56.680000,1967000
2022-11-07,57.450001,58.000000,56.610001,57.910000,57.910000,2495700
2022-11-08,58.340000,63.000000,58.340000,60.910000,60.910000,3156500
2022-11-09,59.799999,60.240002,56.840000,57.049999,57.049999,1870000
2022-11-10,60.939999,66.199997,60.939999,65.080002,65.080002,3264500
2022-11-11,65.070000,67.470001,64.800003,65.879997,65.879997,2221800
2022-11-14,65.269997,65.809998,62.860001,62.970001,62.970001,1646200
2022-11-15,64.900002,66.769997,63.959999,64.059998,64.059998,2320500
2022-11-16,63.490002,63.900002,62.790001,63.119999,63.119999,1097700
2022-11-17,61.270000,62.950001,61.110001,62.919998,62.919998,1123300
2022-11-18,64.360001,64.989998,63.209999,64.199997,64.199997,971400
2022-11-21,63.169998,63.910000,59.389999,59.880001,59.880001,1927800
2022-11-22,60.639999,61.790001,60.230000,60.970001,60.970001,1930200
2022-11-23,60.849998,61.630001,59.959999,60.470001,60.470001,1337600
2022-11-25,60.189999,61.360001,60.110001,60.520000,60.520000,510700
2022-11-28,61.509998,63.020000,61.299999,62.000000,62.000000,2566900
2022-11-29,61.169998,63.450001,61.169998,63.320000,63.320000,2186100
2022-11-30,63.180000,64.059998,61.549999,63.930000,63.930000,2669900
2022-12-01,64.849998,65.779999,63.580002,63.730000,63.730000,1967000
2022-12-02,62.209999,63.889999,62.009998,63.110001,63.110001,2146300
2022-12-05,61.779999,62.930000,60.430000,61.330002,61.330002,1893700
2022-12-06,61.660000,62.310001,60.680000,62.180000,62.180000,2587100
2022-12-07,62.070000,65.769997,62.070000,65.470001,65.470001,2570900
2022-12-08,65.809998,67.080002,64.919998,66.410004,66.410004,2256800
2022-12-09,65.800003,67.000000,65.360001,65.360001,65.360001,2006700
2022-12-12,65.360001,66.730003,64.730003,66.480003,66.480003,1953900
2022-12-13,69.000000,70.000000,67.110001,67.389999,67.389999,2456900
2022-12-14,68.110001,68.669998,67.099998,67.650002,67.650002,2031300
2022-12-15,66.339996,68.540001,65.669998,68.269997,68.269997,2022300
2022-12-16,67.190002,68.470001,66.919998,67.540001,67.540001,4935200
2022-12-19,67.019997,67.190002,65.589996,65.599998,65.599998,2000600
2022-12-20,65.000000,65.830002,64.309998,65.309998,65.309998,1841600
2022-12-21,65.230003,66.550003,64.459999,66.150002,66.150002,2271100
2022-12-22,65.300003,65.440002,63.810001,65.029999,65.029999,1824200
2022-12-23,64.709999,65.629997,63.880001,65.300003,65.300003,1457300
2022-12-27,64.830002,65.510002,64.440002,65.150002,65.150002,1389100
2022-12-28,65.470001,65.500000,63.520000,63.520000,63.520000,1552200
2022-12-29,63.919998,65.720001,63.779999,65.199997,65.199997,1523000
2022-12-30,64.349998,64.910004,63.919998,64.879997,64.879997,1838800
2023-01-03,65.949997,66.570000,64.540001,65.349998,65.349998,2194900
2023-01-04,66.250000,66.739998,65.330002,66.669998,66.669998,2037300
2023-01-05,65.820000,66.639999,64.610001,66.510002,66.510002,1436800
2023-01-06,66.849998,67.540001,65.919998,67.239998,67.239998,1499300
2023-01-09,68.000000,68.080002,66.660004,67.050003,67.050003,1174500
2023-01-10,66.389999,67.480003,65.879997,67.339996,67.339996,917200
2023-01-11,68.680000,69.529999,68.129997,68.779999,68.779999,1554500
2023-01-12,69.599998,70.250000,68.019997,70.220001,70.220001,1939200
2023-01-13,68.150002,72.019997,67.599998,71.930000,71.930000,2034200
2023-01-17,71.470001,72.290001,71.339996,71.739998,71.739998,1110400
2023-01-18,72.309998,73.190002,71.250000,71.690002,71.690002,1480300
2023-01-19,70.730003,71.199997,69.389999,69.500000,69.500000,1317000
2023-01-20,69.589996,71.019997,68.940002,70.980003,70.980003,1144300
2023-01-23,71.110001,72.660004,71.059998,72.459999,72.459999,1040400
2023-01-24,72.599998,73.250000,71.599998,72.110001,72.110001,795400
2023-01-25,71.089996,73.580002,70.629997,73.519997,73.519997,826600
2023-01-26,73.970001,75.790001,73.900002,75.680000,75.680000,1950800
2023-01-27,75.500000,77.470001,75.279999,77.330002,77.330002,1291700
2023-01-30,76.389999,77.760002,76.389999,76.720001,76.720001,1282800
2023-01-31,77.699997,79.980003,76.980003,79.699997,79.699997,2319600
2023-02-01,79.500000,82.279999,78.620003,81.540001,81.540001,1780100
2023-02-02,82.669998,85.400002,81.900002,84.239998,84.239998,2351400
2023-02-03,82.699997,83.089996,81.309998,82.099998,82.099998,2118700
2023-02-06,80.919998,82.440002,80.669998,81.949997,81.949997,1544300
2023-02-07,80.790001,82.139999,80.389999,81.870003,81.870003,1531900
2023-02-08,81.260002,81.959999,80.440002,81.699997,81.699997,1285200
2023-02-09,82.919998,83.410004,80.150002,80.309998,80.309998,1619100
2023-02-10,79.750000,80.900002,79.040001,80.320000,80.320000,1213300
2023-02-13,80.669998,81.849998,79.820000,81.720001,81.720001,1438500
2023-02-14,81.000000,82.419998,80.139999,82.279999,82.279999,1300000
2023-02-15,81.680000,83.889999,81.300003,83.779999,83.779999,1225900
2023-02-16,81.730003,83.339996,80.820000,82.500000,82.500000,985900
2023-02-17,81.949997,81.949997,80.269997,81.480003,81.480003,1326600
2023-02-21,79.610001,80.000000,76.690002,76.769997,76.769997,2353900
2023-02-22,77.089996,78.830002,77.050003,78.540001,78.540001,1336500
2023-02-23,79.279999,80.169998,78.180000,80.010002,80.010002,1300000
2023-02-24,78.480003,80.320000,78.239998,80.059998,80.059998,1131900
2023-02-27,81.360001,82.790001,80.769997,81.489998,81.489998,1876100
2023-02-28,80.559998,86.260002,80.500000,84.779999,84.779999,3371800
2023-03-01,84.980003,85.779999,82.949997,85.760002,85.760002,2332400
2023-03-02,84.739998,87.250000,83.510002,86.699997,86.699997,2407900
2023-03-03,87.510002,89.410004,87.010002,89.180000,89.180000,1961100
2023-03-06,89.199997,90.209999,87.209999,87.290001,87.290001,2130400
2023-03-07,87.099998,87.970001,86.070000,86.199997,86.199997,2130200
2023-03-08,86.930000,86.930000,85.029999,86.190002,86.190002,2123100
2023-03-09,86.129997,86.790001,83.699997,83.809998,83.809998,1820800
2023-03-10,83.900002,84.029999,80.900002,81.639999,81.639999,3126300
2023-03-13,80.129997,81.459999,79.169998,79.839996,79.839996,2834300
2023-03-14,82.220001,82.739998,80.339996,81.050003,81.050003,2517800
2023-03-15,79.580002,82.070000,78.470001,79.529999,79.529999,2659800
2023-03-16,79.070000,83.110001,78.529999,82.389999,82.389999,2468100
2023-03-17,81.639999,82.190002,79.349998,80.089996,80.089996,3866000
2023-03-20,81.190002,83.180000,81.190002,82.019997,82.019997,2077900
2023-03-21,83.510002,85.000000,83.430000,84.230003,84.230003,1677400
2023-03-22,83.930000,86.290001,83.800003,83.820000,83.820000,2069400
2023-03-23,84.739998,86.769997,83.250000,84.309998,84.309998,1924600
2023-03-24,83.040001,84.860001,81.919998,84.459999,84.459999,2102100
2023-03-27,85.300003,86.449997,84.519997,85.430000,85.430000,2000800
2023-03-28,85.629997,86.949997,85.610001,86.300003,86.300003,1648900
2023-03-29,87.489998,87.650002,85.610001,86.459999,86.459999,1739900
2023-03-30,87.169998,87.910004,86.110001,86.250000,86.250000,1723200
2023-03-31,86.970001,88.900002,86.769997,88.779999,88.779999,1485800
2023-04-03,88.610001,90.209999,87.559998,90.160004,90.160004,2577100
2023-04-04,89.849998,90.040001,87.059998,87.360001,87.360001,2343500
2023-04-05,86.620003,86.949997,84.779999,85.959999,85.959999,2086200
2023-04-06,85.540001,86.379997,84.809998,85.529999,85.529999,1876600
2023-04-10,85.650002,88.639999,85.629997,88.620003,88.620003,1786800
2023-04-11,89.160004,92.690002,89.099998,92.370003,92.370003,3145700
2023-04-12,93.550003,94.790001,92.930000,92.930000,92.930000,3064400
2023-04-13,93.550003,94.330002,92.440002,93.339996,93.339996,2335000
2023-04-14,92.989998,94.489998,92.599998,94.360001,94.360001,2292700
2023-04-17,94.110001,95.290001,93.849998,94.300003,94.300003,1726700
2023-04-18,95.529999,96.860001,95.180000,96.720001,96.720001,2525900
2023-04-19,96.690002,96.910004,94.430000,94.470001,94.470001,2754700
2023-04-20,94.309998,95.589996,94.190002,94.730003,94.730003,1916600
2023-04-21,94.690002,94.809998,93.269997,93.870003,93.870003,1091000
2023-04-24,93.800003,94.440002,92.739998,93.720001,93.720001,1270700
2023-04-25,93.550003,93.930000,92.209999,92.389999,92.389999,1430900
2023-04-26,92.370003,92.900002,90.099998,90.339996,90.339996,1649900
2023-04-27,90.519997,92.550003,90.349998,92.099998,92.099998,1944600
2023-04-28,92.320000,95.449997,92.320000,94.769997,94.769997,1940900
2023-05-01,93.779999,95.160004,92.940002,93.849998,93.849998,2344100
2023-05-02,93.849998,95.320000,92.129997,95.199997,95.199997,2747100
2023-05-03,100.000000,107.809998,99.900002,107.459999,107.459999,6667300
2023-05-04,109.180000,111.559998,105.809998,106.790001,106.790001,2723800
2023-05-05,108.379997,111.730003,107.580002,111.250000,111.250000,2366100
2023-05-08,112.500000,114.849998,111.889999,113.669998,113.669998,2377200
2023-05-09,113.209999,115.500000,112.849998,114.650002,114.650002,2424400
2023-05-10,116.330002,117.370003,114.800003,116.459999,116.459999,2193400
2023-05-11,116.169998,117.760002,115.919998,117.269997,117.269997,1889500
2023-05-12,117.370003,119.129997,114.489998,115.839996,115.839996,2355700
2023-05-15,115.430000,119.610001,114.820000,118.160004,118.160004,2294400
2023-05-16,117.070000,119.900002,115.739998,119.199997,119.199997,1990600
2023-05-17,119.029999,120.870003,118.500000,120.110001,120.110001,1799300
2023-05-18,120.389999,122.989998,119.830002,122.309998,122.309998,1644100
2023-05-19,122.580002,122.580002,119.779999,120.239998,120.239998,1810200
2023-05-22,121.180000,122.300003,119.570000,120.169998,120.169998,1660300
2023-05-23,119.099998,119.430000,112.059998,113.010002,113.010002,2915300
2023-05-24,113.169998,115.290001,112.269997,114.040001,114.040001,1522300
2023-05-25,114.629997,117.809998,114.419998,116.790001,116.790001,2398200
2023-05-26,116.849998,117.480003,114.580002,115.580002,115.580002,1756700
2023-05-30,116.820000,118.669998,116.510002,117.669998,117.669998,2442300
2023-05-31,117.510002,118.059998,114.940002,115.949997,115.949997,12097000
2023-06-01,115.650002,116.430000,113.370003,115.860001,115.860001,2551800
2023-06-02,116.669998,119.089996,116.269997,118.970001,118.970001,2568800
2023-06-05,118.150002,120.830002,115.160004,120.330002,120.330002,2303600
2023-06-06,120.690002,126.290001,120.550003,123.919998,123.919998,2832200
2023-06-07,123.800003,125.059998,122.099998,122.320000,122.320000,3039400
2023-06-08,122.300003,123.110001,121.110001,122.309998,122.309998,2170100
2023-06-09,122.089996,123.010002,120.150002,122.080002,122.080002,1778800
2023-06-12,122.419998,124.260002,120.330002,123.730003,123.730003,2480700
2023-06-13,125.580002,126.940002,124.080002,126.019997,126.019997,2713600
2023-06-14,126.000000,126.849998,120.089996,121.000000,121.000000,2582100
2023-06-15,120.500000,123.040001,120.099998,123.010002,123.010002,3097100
2023-06-16,123.260002,123.389999,120.000000,121.410004,121.410004,7891600
2023-06-20,122.070000,127.199997,122.000000,126.760002,126.760002,3303700
2023-06-21,126.750000,129.940002,126.449997,129.100006,129.100006,2438500
2023-06-22,127.870003,129.699997,126.279999,127.510002,127.510002,1435100
2023-06-23,126.500000,128.910004,126.300003,127.519997,127.519997,2995500
2023-06-26,128.399994,130.389999,127.639999,128.169998,128.169998,1267200
2023-06-27,128.490005,134.449997,128.339996,133.479996,133.479996,2224000
2023-06-28,133.490005,135.990005,133.080002,135.339996,135.339996,2138300
2023-06-29,135.630005,136.490005,133.679993,136.169998,136.169998,1183400
2023-06-30,137.669998,138.529999,135.860001,136.000000,136.000000,1753700
2023-07-03,136.009995,137.600006,135.550003,136.330002,136.330002,772600
2023-07-05,138.899994,140.720001,136.000000,136.470001,136.470001,1862200
2023-07-06,134.880005,135.500000,130.009995,130.809998,130.809998,2614800
2023-07-07,130.800003,134.309998,130.639999,133.100006,133.100006,2090200
2023-07-10,133.000000,135.770004,133.000000,135.259995,135.259995,1678000
2023-07-11,135.839996,136.899994,134.360001,135.470001,135.470001,1289700
2023-07-12,137.000000,139.679993,137.000000,139.279999,139.279999,1543800
2023-07-13,139.869995,140.229996,138.149994,139.869995,139.869995,1009100
2023-07-14,140.149994,141.270004,139.089996,141.160004,141.160004,901000
2023-07-17,140.649994,143.039993,139.389999,142.960007,142.960007,1300900
2023-07-18,143.029999,146.919998,142.750000,146.419998,146.419998,1682900
2023-07-19,148.850006,149.210007,143.330002,144.320007,144.320007,1262500
2023-07-20,144.220001,144.919998,137.770004,139.139999,139.139999,1513600
2023-07-21,139.889999,141.889999,138.070007,138.729996,138.729996,961700
2023-07-24,138.529999,139.410004,137.669998,138.250000,138.250000,852000
2023-07-25,137.410004,142.970001,136.149994,142.009995,142.009995,1140500
2023-07-26,140.910004,142.759995,139.949997,141.770004,141.770004,952900
2023-07-27,143.699997,145.059998,140.960007,141.500000,141.500000,1223000
2023-07-28,142.699997,143.899994,142.149994,143.649994,143.649994,865800
2023-07-31,144.289993,145.000000,142.550003,144.429993,144.429993,1055900
2023-08-01,144.429993,147.029999,144.270004,146.759995,146.759995,1468400
2023-08-02,156.850006,156.850006,145.429993,148.639999,148.639999,3145200
2023-08-03,148.149994,151.800003,144.119995,144.649994,144.649994,2120100
2023-08-04,147.289993,151.000000,145.960007,149.639999,149.639999,1956700
2023-08-07,150.399994,153.000000,149.910004,152.220001,152.220001,1264700
2023-08-08,151.250000,152.889999,150.059998,151.699997,151.699997,982000
2023-08-09,151.949997,151.949997,148.220001,150.119995,150.119995,1171300
2023-08-10,150.570007,153.410004,146.979996,150.320007,150.320007,1094600
2023-08-11,149.250000,151.410004,147.759995,147.889999,147.889999,923200
2023-08-14,148.000000,151.919998,147.169998,151.850006,151.850006,1051000
2023-08-15,152.179993,152.529999,148.089996,150.690002,150.690002,924500
2023-08-16,151.000000,151.710007,147.059998,147.240005,147.240005,928100
2023-08-17,147.000000,147.240005,129.199997,130.059998,130.059998,3492300
2023-08-18,128.949997,134.690002,128.330002,134.139999,134.139999,2588100
2023-08-21,134.729996,136.080002,129.729996,132.759995,132.759995,1475600
2023-08-22,133.339996,135.210007,130.970001,131.809998,131.809998,1289700
2023-08-23,133.399994,137.330002,132.589996,136.610001,136.610001,1287200
2023-08-24,136.369995,136.610001,132.740005,132.839996,132.839996,1061200
2023-08-25,132.940002,133.669998,122.620003,129.190002,129.190002,2317500
2023-08-28,130.559998,133.570007,129.639999,132.880005,132.880005,1175000
2023-08-29,131.669998,140.309998,131.669998,139.669998,139.669998,1384300
2023-08-30,139.389999,140.839996,138.500000,139.869995,139.869995,1248800
2023-08-31,140.000000,145.600006,139.339996,145.039993,145.039993,2367500
2023-09-01,146.649994,149.550003,145.460007,148.740005,148.740005,1445400
2023-09-05,147.240005,148.210007,133.830002,136.559998,136.559998,2329400
2023-09-06,136.029999,140.809998,136.029999,140.559998,140.559998,1464700
2023-09-07,140.199997,140.750000,137.360001,139.179993,139.179993,1011900
2023-09-08,138.619995,142.429993,138.470001,139.889999,139.889999,939500
2023-09-11,140.690002,143.970001,140.089996,141.889999,141.889999,880000
2023-09-12,139.710007,140.839996,135.369995,136.320007,136.320007,1105900
2023-09-13,135.240005,135.889999,128.529999,131.710007,131.710007,2213100
2023-09-14,133.550003,134.600006,131.419998,134.259995,134.259995,1421000
2023-09-15,132.100006,132.100006,126.599998,127.239998,127.239998,4762800
2023-09-18,127.230003,130.339996,126.349998,129.110001,129.110001,1340200
2023-09-19,128.990005,130.600006,127.660004,130.009995,130.009995,993500
2023-09-20,130.940002,132.000000,126.870003,127.160004,127.160004,1027500
2023-09-21,125.000000,125.000000,120.320000,121.019997,121.019997,2503100
2023-09-22,122.290001,124.510002,121.190002,121.839996,121.839996,1650500
2023-09-25,121.050003,124.599998,120.839996,123.089996,123.089996,917100
2023-09-26,122.010002,124.330002,121.820000,121.910004,121.910004,1376600
2023-09-27,123.349998,125.059998,122.599998,123.309998,123.309998,1162700
2023-09-28,123.120003,127.919998,123.010002,126.220001,126.220001,1199500
2023-09-29,127.220001,127.919998,124.300003,124.489998,124.489998,1097100
2023-10-02,123.809998,125.919998,122.540001,123.000000,123.000000,1472800
2023-10-03,121.349998,122.250000,116.139999,117.180000,117.180000,1693500
2023-10-04,119.110001,120.430000,117.599998,120.139999,120.139999,1225300
2023-10-05,119.459999,121.110001,118.750000,119.970001,119.970001,866700
2023-10-06,118.000000,122.040001,116.800003,119.309998,119.309998,1399300
2023-10-09,118.000000,118.889999,116.290001,118.639999,118.639999,1506900
2023-10-10,119.500000,124.239998,119.019997,123.139999,123.139999,1664400
2023-10-11,123.750000,126.650002,122.400002,125.690002,125.690002,1028500
2023-10-12,123.370003,124.250000,115.070000,116.430000,116.430000,1862600
2023-10-13,116.599998,118.489998,115.059998,116.269997,116.269997,1299500
2023-10-16,118.010002,118.750000,115.860001,117.980003,117.980003,941100
2023-10-17,116.900002,120.080002,116.900002,118.150002,118.150002,1113800
2023-10-18,116.589996,116.589996,111.760002,111.900002,111.900002,1986000
2023-10-19,112.440002,114.580002,110.180000,111.389999,111.389999,1712500
2023-10-20,111.110001,112.000000,108.699997,109.279999,109.279999,1632000
2023-10-23,109.480003,112.489998,109.480003,110.910004,110.910004,1210300
2023-10-24,111.739998,112.900002,110.349998,110.510002,110.510002,817900
2023-10-25,109.260002,109.800003,105.269997,106.220001,106.220001,2021600
2023-10-26,107.650002,108.720001,105.809998,107.120003,107.120003,1442400
2023-10-27,107.500000,109.230003,106.010002,106.260002,106.260002,1214800
2023-10-30,107.510002,108.169998,105.239998,107.250000,107.250000,1198400
2023-10-31,108.339996,111.300003,108.120003,108.519997,108.519997,2359600
2023-11-01,108.940002,118.680000,107.839996,117.470001,117.470001,3842600
2023-11-02,119.989998,124.220001,119.989998,121.250000,121.250000,2725200
2023-11-03,124.589996,129.119995,124.260002,126.790001,126.790001,2545000
2023-11-06,126.169998,127.050003,125.070000,125.589996,125.589996,1639700
2023-11-07,125.279999,127.040001,125.000000,126.059998,126.059998,1632400
2023-11-08,125.489998,127.849998,124.570000,124.660004,124.660004,1378900
2023-11-09,125.199997,126.129997,120.800003,121.209999,121.209999,1172900
2023-11-10,122.510002,125.250000,121.190002,124.320000,124.320000,1085900
2023-11-13,123.099998,123.580002,121.430000,123.379997,123.379997,924200
2023-11-14,127.500000,134.789993,127.489998,134.259995,134.259995,2193700
2023-11-15,133.580002,134.419998,128.570007,128.660004,128.660004,1759600
2023-11-16,130.050003,134.929993,129.800003,130.350006,130.350006,1553200
2023-11-17,130.699997,135.580002,130.699997,133.589996,133.589996,2192000
2023-11-20,132.820007,135.380005,131.710007,134.360001,134.360001,1363000
2023-11-21,133.690002,134.899994,132.520004,132.610001,132.610001,1054500
2023-11-22,134.050003,136.210007,133.380005,133.479996,133.479996,1124000
2023-11-24,132.660004,135.339996,132.360001,134.710007,134.710007,527300
2023-11-27,133.720001,137.600006,133.699997,136.559998,136.559998,1386500
2023-11-28,135.720001,136.039993,132.589996,133.070007,133.070007,1169900
2023-11-29,135.309998,137.919998,134.320007,134.889999,134.889999,1710200
2023-11-30,134.619995,135.220001,132.360001,134.110001,134.110001,2519600
2023-12-01,133.639999,139.419998,133.039993,139.279999,139.279999,1404000
2023-12-04,141.949997,141.949997,136.600006,136.860001,136.860001,2082900
2023-12-05,136.690002,145.119995,136.279999,143.259995,143.259995,2964700
2023-12-06,147.869995,150.990005,144.449997,145.240005,145.240005,2298800
2023-12-07,145.610001,147.139999,144.520004,146.570007,146.570007,1218500
2023-12-08,146.570007,149.119995,146.429993,147.699997,147.699997,1231700
2023-12-11,147.270004,149.559998,146.300003,148.960007,148.960007,1087500
2023-12-12,148.610001,151.380005,147.899994,149.589996,149.589996,1250500
2023-12-13,151.119995,155.570007,147.509995,154.869995,154.869995,2050600
2023-12-14,159.080002,170.759995,158.899994,168.369995,168.369995,3806000
2023-12-15,168.000000,169.009995,162.509995,162.509995,162.509995,26869100
2023-12-18,165.130005,166.080002,159.250000,160.119995,160.119995,2716500
2023-12-19,162.179993,165.759995,162.179993,164.679993,164.679993,1659500
2023-12-20,164.399994,166.839996,161.330002,161.440002,161.440002,1461500
2023-12-21,164.750000,165.539993,162.449997,164.619995,164.619995,1304300
2023-12-22,164.839996,167.860001,164.350006,167.240005,167.240005,1408700
2023-12-26,167.500000,168.889999,167.000000,168.639999,168.639999,911000
2023-12-27,169.029999,170.970001,168.630005,170.559998,170.559998,1501300
2023-12-28,171.000000,171.029999,168.449997,168.660004,168.660004,870700
2023-12-29,167.919998,169.630005,166.139999,166.940002,166.940002,850300
2024-01-02,163.869995,167.089996,161.899994,165.380005,165.380005,1320300
2024-01-03,161.970001,161.970001,158.369995,159.309998,159.309998,1733600
2024-01-04,158.320007,160.570007,156.110001,157.289993,157.289993,1336700
2024-01-05,155.500000,161.089996,154.009995,159.779999,159.779999,1285200
2024-01-08,161.250000,164.309998,160.460007,163.880005,163.880005,880800
2024-01-09,161.380005,165.630005,160.639999,165.350006,165.350006,1048100
2024-01-10,165.979996,168.039993,165.820007,167.300003,167.300003,1056800
2024-01-11,165.470001,167.570007,163.429993,167.210007,167.210007,877800
2024-01-12,168.779999,169.000000,164.009995,167.389999,167.389999,940500
2024-01-16,164.679993,166.440002,163.380005,165.910004,165.910004,1036500
2024-01-17,163.729996,165.160004,162.130005,164.619995,164.619995,1002200
2024-01-18,167.089996,168.559998,162.889999,165.679993,165.679993,1306000
2024-01-19,167.380005,172.550003,165.690002,172.509995,172.509995,1509400
2024-01-22,175.720001,178.660004,174.100006,178.020004,178.020004,1779100
2024-01-23,175.750000,176.279999,164.919998,167.669998,167.669998,2491400
2024-01-24,170.470001,170.729996,164.089996,165.320007,165.320007,1523000
2024-01-25,168.440002,169.940002,166.600006,169.800003,169.800003,1205600
2024-01-26,169.809998,171.679993,167.750000,169.520004,169.520004,894100
2024-01-29,172.000000,176.960007,171.750000,176.500000,176.500000,1362900
2024-01-30,176.619995,179.169998,174.789993,176.410004,176.410004,978500
2024-01-31,175.009995,177.899994,172.809998,173.729996,173.729996,1147700
2024-02-01,176.250000,179.070007,173.979996,179.020004,179.020004,767300
2024-02-02,175.639999,182.539993,174.399994,180.750000,180.750000,868500
2024-02-05,177.869995,179.399994,173.759995,178.179993,178.179993,861600
2024-02-06,177.949997,179.169998,175.809998,177.949997,177.949997,646600
2024-02-07,180.509995,184.119995,179.940002,180.910004,180.910004,1239900
2024-02-08,182.440002,185.399994,180.279999,185.250000,185.250000,913200
2024-02-09,185.500000,186.580002,182.889999,185.330002,185.330002,1226300
2024-02-12,186.330002,188.550003,184.740005,187.119995,187.119995,1598000
2024-02-13,175.520004,184.389999,171.139999,182.179993,182.179993,1574700
2024-02-14,185.820007,187.470001,183.110001,186.729996,186.729996,1030000
2024-02-15,188.320007,189.399994,184.259995,186.919998,186.919998,1028800
2024-02-16,183.949997,186.410004,183.490005,183.789993,183.789993,1274900
2024-02-20,181.869995,183.529999,180.259995,182.899994,182.899994,1085500
2024-02-21,181.539993,185.610001,181.460007,183.660004,183.660004,1351600
2024-02-22,192.009995,194.690002,185.740005,188.369995,188.369995,2154500
2024-02-23,188.979996,192.089996,186.500000,188.669998,188.669998,1291900
2024-02-26,189.110001,192.089996,187.949997,190.440002,190.440002,1281000
2024-02-27,191.570007,194.889999,191.289993,193.160004,193.160004,1976100
2024-02-28,192.250000,194.679993,191.369995,193.270004,193.270004,1205000
2024-02-29,194.570007,196.360001,193.149994,195.179993,195.179993,1965100
2024-03-01,195.070007,201.000000,194.169998,199.979996,199.979996,1583700
2024-03-04,201.820007,204.990005,200.399994,200.839996,200.839996,1688700
2024-03-05,200.000000,203.610001,196.600006,198.300003,198.300003,1464500
2024-03-06,200.910004,203.100006,199.509995,200.259995,200.259995,808000
2024-03-07,202.210007,204.889999,201.899994,204.130005,204.130005,1023000
2024-03-08,205.440002,208.160004,199.779999,199.839996,199.839996,1029100
2024-03-11,198.300003,198.750000,189.740005,192.699997,192.699997,1786900
2024-03-12,193.500000,200.039993,191.660004,199.660004,199.660004,1066500
2024-03-13,199.259995,201.970001,198.210007,201.139999,201.139999,909500
2024-03-14,202.149994,203.000000,193.880005,195.419998,195.419998,1239000
2024-03-15,194.130005,197.169998,194.130005,195.490005,195.490005,2691300
2024-03-18,197.399994,198.429993,193.809998,195.300003,195.300003,1068200
2024-03-19,194.800003,199.919998,193.669998,199.539993,199.539993,1023100
2024-03-20,199.289993,207.380005,199.050003,206.610001,206.610001,1171300
2024-03-21,209.250000,214.699997,209.000000,211.119995,211.119995,1138900
2024-03-22,210.800003,211.899994,208.039993,210.539993,210.539993,925900
2024-03-25,209.449997,212.240005,208.729996,208.779999,208.779999,983600
2024-03-26,209.520004,211.850006,207.029999,207.039993,207.039993,915177