Date,Open,High,Low,Close,Adj Close,Volume
2017-06-29,10.000000,10.000000,10.000000,10.000000,9.500924,1100
2017-06-30,10.250000,10.250000,10.050000,10.060000,9.557929,3300
2017-07-03,10.060000,10.060000,10.060000,10.060000,9.557929,0
2017-07-05,10.060000,10.060000,10.060000,10.060000,9.557929,0
2017-07-06,10.060000,10.060000,10.060000,10.060000,9.557929,0
2017-07-07,9.977000,9.977000,9.700000,9.840000,9.348909,1400
2017-07-10,9.840000,9.840000,9.840000,9.840000,9.348909,0
2017-07-11,9.840000,9.840000,9.840000,9.840000,9.348909,0
2017-07-12,9.840000,9.840000,9.840000,9.840000,9.348909,0
2017-07-13,9.850000,9.850000,9.850000,9.850000,9.358410,200
2017-07-14,9.850000,9.850000,9.850000,9.850000,9.358410,0
2017-07-17,9.900000,9.900000,9.900000,9.900000,9.405915,1000
2017-07-18,9.900000,9.900000,9.900000,9.900000,9.405915,0
2017-07-19,9.900000,9.900000,9.900000,9.900000,9.405915,0
2017-07-20,9.800000,9.950000,9.800000,9.900000,9.405915,47500
2017-07-21,9.900000,9.900000,9.900000,9.900000,9.405915,9300
2017-07-24,9.900000,9.900000,9.900000,9.900000,9.405915,0
2017-07-25,9.900000,9.900000,9.900000,9.900000,9.405915,0
2017-07-26,9.900000,9.900000,9.900000,9.900000,9.405915,0
2017-07-27,9.900000,9.900000,9.900000,9.900000,9.405915,0
2017-07-28,9.900000,9.900000,9.900000,9.900000,9.405915,0
2017-07-31,9.900000,9.900000,9.900000,9.900000,9.405915,0
2017-08-01,9.900000,9.900000,9.900000,9.900000,9.405915,0
2017-08-02,9.900000,9.900000,9.900000,9.900000,9.405915,0
2017-08-03,9.900000,9.900000,9.900000,9.900000,9.405915,0
2017-08-04,9.900000,9.900000,9.900000,9.900000,9.405915,0
2017-08-07,9.880000,9.880000,9.880000,9.880000,9.386912,300
2017-08-08,9.880000,9.880000,9.880000,9.880000,9.386912,0
2017-08-09,9.880000,9.880000,9.880000,9.880000,9.386912,0
2017-08-10,9.880000,9.880000,9.880000,9.880000,9.386912,0
2017-08-11,9.880000,9.880000,9.880000,9.880000,9.386912,0
2017-08-14,9.880000,9.880000,9.880000,9.880000,9.386912,0
2017-08-15,9.800000,9.800000,9.700000,9.700000,9.215897,3000
2017-08-16,9.760000,9.820000,9.760000,9.800000,9.310905,131700
2017-08-17,9.800000,9.800000,9.800000,9.800000,9.310905,100000
2017-08-18,9.800000,9.800000,9.800000,9.800000,9.310905,15000
2017-08-21,9.800000,9.800000,9.800000,9.800000,9.310905,2100
2017-08-22,9.800000,9.800000,9.800000,9.800000,9.310905,0
2017-08-23,9.800000,9.800000,9.790000,9.800000,9.310905,3500
2017-08-24,9.800000,9.800000,9.770000,9.800000,9.310905,228000
2017-08-25,9.800000,9.800000,9.800000,9.800000,9.310905,0
2017-08-28,9.830000,9.850000,9.778000,9.778000,9.290003,1000
2017-08-29,9.778000,9.778000,9.778000,9.778000,9.290003,0
2017-08-30,9.778000,9.778000,9.778000,9.778000,9.290003,0
2017-08-31,9.850000,9.850000,9.835000,9.835000,9.344158,1000
2017-09-01,9.850000,9.850000,9.809000,9.809000,9.319454,400
2017-09-05,9.850000,9.850000,9.807000,9.850000,9.358410,28100
2017-09-06,9.850000,9.850000,9.815000,9.815000,9.325156,26700
2017-09-07,9.850000,9.850000,9.840000,9.850000,9.358410,25800
2017-09-08,9.850000,9.850000,9.800000,9.850000,9.358410,27300
2017-09-11,9.850000,9.850000,9.850000,9.850000,9.358410,0
2017-09-12,9.800000,9.850000,9.790000,9.795000,9.306156,23700
2017-09-13,9.850000,9.850000,9.800000,9.800000,9.310905,5500
2017-09-14,9.800000,9.800000,9.800000,9.800000,9.310905,55600
2017-09-15,9.700000,9.840000,9.700000,9.800000,9.310905,2600
2017-09-18,9.800000,9.800000,9.800000,9.800000,9.310905,0
2017-09-19,9.710000,9.830000,9.700000,9.830000,9.339408,1900
2017-09-20,9.830000,9.830000,9.830000,9.830000,9.339408,0
2017-09-21,9.830000,9.840000,9.801000,9.811000,9.321357,400
2017-09-22,9.811000,9.811000,9.811000,9.811000,9.321357,0
2017-09-25,9.811000,9.811000,9.811000,9.811000,9.321357,0
2017-09-26,9.707000,9.772000,9.707000,9.772000,9.284303,900
2017-09-27,9.772000,9.772000,9.772000,9.772000,9.284303,0
2017-09-28,9.772000,9.772000,9.772000,9.772000,9.284303,0
2017-09-29,9.772000,9.772000,9.772000,9.772000,9.284303,44000
2017-10-02,9.772000,9.772000,9.772000,9.772000,9.284303,0
2017-10-03,9.700000,9.700000,9.700000,9.700000,9.215897,500
2017-10-04,9.700000,9.700000,9.700000,9.700000,9.215897,0
2017-10-05,9.700000,9.840000,9.700000,9.830000,9.339408,571400
2017-10-06,9.850000,10.068000,9.830000,9.860000,9.367909,213100
2017-10-09,9.860000,9.860000,9.860000,9.860000,9.367909,0
2017-10-10,9.860000,9.860000,9.860000,9.860000,9.367909,0
2017-10-11,9.860000,9.860000,9.750000,9.859000,9.366961,22000
2017-10-12,9.859000,9.859000,9.859000,9.859000,9.366961,0
2017-10-13,9.859000,9.859000,9.859000,9.859000,9.366961,0
2017-10-16,9.900000,9.900000,9.900000,9.900000,9.405915,12900
2017-10-17,9.800000,9.800000,9.800000,9.800000,9.310905,100000
2017-10-18,10.040000,10.040000,9.900000,9.900000,9.405915,400
2017-10-19,10.060000,10.060000,9.720000,9.830000,9.339408,2500
2017-10-20,9.830000,9.830000,9.830000,9.830000,9.339408,0
2017-10-23,9.930000,9.930000,9.860000,9.860000,9.367909,1400
2017-10-24,10.055000,10.055000,9.800000,9.800000,9.310905,113500
2017-10-25,9.800000,9.800000,9.800000,9.800000,9.310905,0
2017-10-26,9.770000,9.805000,9.770000,9.770000,9.282402,112200
2017-10-27,9.770000,9.770000,9.770000,9.770000,9.282402,0
2017-10-30,9.770000,9.770000,9.770000,9.770000,9.282402,0
2017-10-31,9.770000,9.770000,9.750000,9.760000,9.272902,128700
2017-11-01,9.740000,9.758000,9.740000,9.758000,9.271002,1100
2017-11-02,9.758000,9.758000,9.758000,9.758000,9.271002,0
2017-11-03,9.758000,9.758000,9.758000,9.758000,9.271002,0
2017-11-06,9.730000,9.730000,9.730000,9.730000,9.244398,300000
2017-11-07,9.730000,9.730000,9.730000,9.730000,9.244398,0
2017-11-08,9.730000,9.730000,9.730000,9.730000,9.244398,0
2017-11-09,9.730000,9.730000,9.730000,9.730000,9.244398,0
2017-11-10,9.720000,9.720000,9.720000,9.720000,9.234898,30400
2017-11-13,9.720000,9.720000,9.720000,9.720000,9.234898,0
2017-11-14,9.855000,9.855000,9.720000,9.720000,9.234898,208000
2017-11-15,9.720000,9.720000,9.720000,9.720000,9.234898,0
2017-11-16,9.848000,9.850000,9.848000,9.850000,9.358410,400
2017-11-17,9.700000,9.700000,9.700000,9.700000,9.215897,400100
2017-11-20,9.700000,9.700000,9.700000,9.700000,9.215897,50000
2017-11-21,9.720000,9.720000,9.720000,9.720000,9.234898,2500
2017-11-22,9.720000,9.720000,9.720000,9.720000,9.234898,0
2017-11-24,9.720000,9.720000,9.720000,9.720000,9.234898,0
2017-11-27,9.720000,9.720000,9.720000,9.720000,9.234898,0
2017-11-28,9.690000,9.690000,9.690000,9.690000,9.206394,700
2017-11-29,9.690000,9.690000,9.690000,9.690000,9.206394,0
2017-11-30,9.680000,9.680000,9.680000,9.680000,9.196894,4300
2017-12-01,9.680000,9.720000,9.665000,9.720000,9.234898,3949500
2017-12-04,9.740000,9.750000,9.737000,9.739000,9.252948,2800
2017-12-05,9.739000,9.739000,9.739000,9.739000,9.252948,0
2017-12-06,9.740000,9.740000,9.740000,9.740000,9.253901,100
2017-12-07,9.750000,9.750000,9.703000,9.720000,9.234898,27800
2017-12-08,9.720000,9.720000,9.720000,9.720000,9.234898,0
2017-12-11,9.683000,9.720000,9.683000,9.720000,9.234898,25900
2017-12-12,9.730000,9.740000,9.730000,9.740000,9.253901,45100
2017-12-13,9.740000,9.740000,9.730000,9.740000,9.253901,35200
2017-12-14,9.750000,9.750000,9.750000,9.750000,9.263401,77200
2017-12-15,9.750000,9.750000,9.750000,9.750000,9.263401,1000
2017-12-18,9.740000,9.750000,9.740000,9.750000,9.263401,14700
2017-12-19,9.740000,9.740000,9.690000,9.740000,9.253901,7600
2017-12-20,9.760000,9.770000,9.730000,9.730000,9.244398,19000
2017-12-21,9.730000,9.730000,9.730000,9.730000,9.244398,0
2017-12-22,9.730000,9.730000,9.730000,9.730000,9.244398,0
2017-12-26,9.730000,9.730000,9.730000,9.730000,9.244398,0
2017-12-27,9.730000,9.730000,9.730000,9.730000,9.244398,0
2017-12-28,9.730000,9.730000,9.730000,9.730000,9.244398,0
2017-12-29,9.750000,9.750000,9.740000,9.740000,9.253901,500
2018-01-02,9.740000,9.740000,9.740000,9.740000,9.253901,0
2018-01-03,9.740000,9.740000,9.670000,9.730000,9.244398,169700
2018-01-04,9.770000,9.800000,9.755000,9.800000,9.310905,4100
2018-01-05,9.780000,9.780000,9.760000,9.760000,9.272902,400
2018-01-08,9.760000,9.760000,9.760000,9.760000,9.272902,225000
2018-01-09,9.730000,9.780000,9.730000,9.770000,9.282402,294900
2018-01-10,9.770000,9.770000,9.770000,9.770000,9.282402,0
2018-01-11,9.770000,9.770000,9.770000,9.770000,9.282402,0
2018-01-12,9.770000,9.770000,9.750000,9.750000,9.263401,6000
2018-01-16,9.760000,9.780000,9.760000,9.780000,9.291903,88000
2018-01-17,9.770000,9.770000,9.730000,9.740000,9.253901,8000
2018-01-18,9.740000,9.740000,9.740000,9.740000,9.253901,0
2018-01-19,9.770000,9.770000,9.760000,9.760000,9.272902,500
2018-01-22,9.800000,9.800000,9.730000,9.730000,9.244398,8200
2018-01-23,9.730000,9.730000,9.730000,9.730000,9.244398,0
2018-01-24,9.730000,9.740000,9.730000,9.730000,9.244398,25200
2018-01-25,9.730000,9.730000,9.730000,9.730000,9.244398,0
2018-01-26,9.750000,9.750000,9.730000,9.730000,9.244398,600
2018-01-29,9.730000,9.730000,9.730000,9.730000,9.244398,0
2018-01-30,9.730000,9.730000,9.730000,9.730000,9.244398,0
2018-01-31,9.730000,9.730000,9.730000,9.730000,9.244398,0
2018-02-01,9.730000,9.730000,9.730000,9.730000,9.244398,0
2018-02-02,9.750000,9.750000,9.730000,9.750000,9.263401,7400
2018-02-05,9.750000,9.750000,9.750000,9.750000,9.263401,100
2018-02-06,9.730000,9.755000,9.720000,9.730000,9.244398,701700
2018-02-07,9.730000,9.730000,9.730000,9.730000,9.244398,0
2018-02-08,9.700000,9.700000,9.700000,9.700000,9.215897,8400
2018-02-09,9.700000,9.750000,9.700000,9.700000,9.215897,9800
2018-02-12,9.710000,9.730000,9.710000,9.710000,9.225398,5500
2018-02-13,9.700000,9.720000,9.700000,9.700000,9.215897,7800
2018-02-14,9.700000,9.750000,9.700000,9.700000,9.215897,2000
2018-02-15,9.710000,9.710000,9.690000,9.690000,9.206394,3800
2018-02-16,9.690000,9.690000,9.690000,9.690000,9.206394,0
2018-02-20,9.690000,9.690000,9.690000,9.690000,9.206394,0
2018-02-21,9.710000,9.730000,9.700000,9.720000,9.234898,11100
2018-02-22,9.720000,9.720000,9.720000,9.720000,9.234898,0
2018-02-23,9.720000,9.720000,9.720000,9.720000,9.234898,0
2018-02-26,9.760000,9.780000,9.700000,9.720000,9.234898,25100
2018-02-27,9.720000,9.720000,9.720000,9.720000,9.234898,11100
2018-02-28,9.750000,9.750000,9.740000,9.740000,9.253901,200
2018-03-01,9.750000,9.750000,9.750000,9.750000,9.263401,200
2018-03-02,9.750000,9.750000,9.750000,9.750000,9.263401,0
2018-03-05,9.750000,9.750000,9.750000,9.750000,9.263401,0
2018-03-06,9.750000,9.750000,9.750000,9.750000,9.263401,0
2018-03-07,9.750000,9.750000,9.750000,9.750000,9.263401,0
2018-03-08,9.750000,9.750000,9.750000,9.750000,9.263401,0
2018-03-09,9.750000,9.750000,9.750000,9.750000,9.263401,0
2018-03-12,9.750000,9.750000,9.750000,9.750000,9.263401,0
2018-03-13,9.750000,9.750000,9.750000,9.750000,9.263401,0
2018-03-14,9.750000,9.750000,9.750000,9.750000,9.263401,0
2018-03-15,9.750000,9.750000,9.750000,9.750000,9.263401,0
2018-03-16,9.750000,9.750000,9.750000,9.750000,9.263401,0
2018-03-19,9.760000,9.780000,9.730000,9.730000,9.244398,400
2018-03-20,10.200000,10.300000,10.150000,10.160000,9.652938,9395400
2018-03-21,10.240000,10.240000,10.160000,10.180000,9.671940,813500
2018-03-22,10.200000,10.200000,10.140000,10.150000,9.643436,459000
2018-03-23,10.150000,10.180000,10.110000,10.130000,9.624435,457300
2018-03-26,10.130000,10.150000,10.130000,10.150000,9.643436,209900
2018-03-27,10.180000,10.180000,10.110000,10.120000,9.614936,121800
2018-03-28,10.130000,10.150000,10.050000,10.090000,9.586432,436400
2018-03-29,10.060000,10.120000,10.050000,10.110000,9.605433,394100
2018-04-02,10.050000,10.110000,10.050000,10.100000,9.595934,7700
2018-04-03,10.085000,10.100000,10.070000,10.070000,9.567430,2700
2018-04-04,10.080000,10.100000,10.080000,10.090000,9.586432,55200
2018-04-05,10.070000,10.080000,10.070000,10.080000,9.576931,800
2018-04-06,10.060000,10.060000,10.060000,10.060000,9.557929,300
2018-04-09,10.100000,10.100000,10.070000,10.100000,9.595934,112800
2018-04-10,10.070000,10.090000,10.060000,10.070000,9.567430,592500
2018-04-11,10.080000,10.100000,10.070000,10.100000,9.595934,530600
2018-04-12,10.100000,10.100000,10.060000,10.060000,9.557929,1068100
2018-04-13,10.070000,10.090000,10.070000,10.090000,9.586432,49500
2018-04-16,10.100000,10.100000,10.070000,10.090000,9.586432,756300
2018-04-17,10.081000,10.100000,10.060000,10.060000,9.557929,11400
2018-04-18,10.080000,10.150000,10.080000,10.140000,9.633938,1918800
2018-04-19,10.120000,10.140000,10.120000,10.140000,9.633938,1453000
2018-04-20,10.120000,10.150000,10.117000,10.120000,9.614936,47400
2018-04-23,10.120000,10.150000,10.120000,10.135000,9.629187,219100
2018-04-24,10.125000,10.140000,10.120000,10.130000,9.624435,367500
2018-04-25,10.150000,10.150000,10.130000,10.150000,9.643436,1625400
2018-04-26,10.150000,10.250000,10.150000,10.180000,9.671940,660100
2018-04-27,10.180000,10.320000,10.180000,10.270000,9.757449,3291100
2018-04-30,10.300000,10.380000,10.260000,10.320000,9.804952,645500
2018-05-01,10.310000,10.340000,10.270000,10.330000,9.814455,1719600
2018-05-02,10.330000,10.350000,10.300000,10.330000,9.814455,1608000
2018-05-03,10.300000,10.340000,10.250000,10.300000,9.785951,885100
2018-05-04,10.300000,10.330000,10.300000,10.310000,9.795453,138900
2018-05-07,10.340000,10.350000,10.300000,10.340000,9.823956,638800
2018-05-08,10.330000,10.330000,10.250000,10.260000,9.747948,194300
2018-05-09,10.340000,10.340000,10.270000,10.300000,9.785951,2142500
2018-05-10,10.330000,10.400000,10.320000,10.380000,9.861959,775500
2018-05-11,10.400000,10.400000,10.340000,10.380000,9.861959,1494500
2018-05-14,10.440000,10.600000,10.355000,10.500000,9.975971,2536900
2018-05-15,10.500000,10.650000,10.480000,10.620000,10.089981,2150100
2018-05-16,10.610000,10.740000,10.590000,10.670000,10.137486,1145300
2018-05-17,10.700000,10.870000,10.690000,10.765000,10.227745,2130100
2018-05-18,10.770000,10.800000,10.660000,10.745000,10.208742,1065000
2018-05-21,10.800000,10.849000,10.700000,10.760000,10.222994,258100
2018-05-22,10.800000,10.800000,10.680000,10.680000,10.146987,1122300
2018-05-23,10.650000,10.700000,10.490000,10.500000,9.975971,652300
2018-05-24,10.550000,10.550000,10.350000,10.350000,9.833457,238300
2018-05-25,10.390000,10.410000,10.280000,10.280000,9.766951,96100
2018-05-29,10.230000,10.369000,10.230000,10.320000,9.804952,1630800
2018-05-30,10.400000,10.530000,10.320000,10.420000,9.899963,1539700
2018-05-31,10.340000,10.500000,10.340000,10.500000,9.975971,271300
2018-06-01,10.550000,10.610000,10.485000,10.500000,9.975971,610400
2018-06-04,10.520000,10.600000,10.450000,10.510000,9.985473,2155400
2018-06-05,10.480000,10.580000,10.450000,10.490000,9.966468,1192700
2018-06-06,10.520000,10.600000,10.471000,10.540000,10.013973,1433700
2018-06-07,10.580000,10.700000,10.580000,10.650000,10.118483,1526700
2018-06-08,10.640000,10.700000,10.640000,10.700000,10.165987,820500
2018-06-11,10.670000,10.770000,10.660000,10.740000,10.203993,923500
2018-06-12,10.740000,10.825000,10.740000,10.770000,10.232495,707400
2018-06-13,10.790000,10.850000,10.730000,10.820000,10.279999,3582600
2018-06-14,10.850000,10.850000,10.705000,10.820000,10.279999,116200
2018-06-15,10.780000,10.850000,10.671000,10.710000,10.175490,663500
2018-06-18,10.740000,10.800000,10.590000,10.620000,10.089981,347200
2018-06-19,10.600000,10.600000,10.505000,10.520000,9.994972,466800
2018-06-20,10.490000,10.640000,10.490000,10.560000,10.032977,762400
2018-06-21,10.560000,10.710000,10.500000,10.530000,10.004472,180800
2018-06-22,10.600000,10.700000,10.550000,10.690000,10.156487,997500
2018-06-25,10.660000,10.700000,10.550000,10.590000,10.061479,737700
2018-06-26,10.600000,10.700000,10.570000,10.670000,10.137486,693400
2018-06-27,10.700000,10.850000,10.610000,10.750000,10.213491,2150300
2018-06-28,10.770000,10.890000,10.750000,10.800000,10.260998,701400
2018-06-29,10.820000,10.970000,10.720000,10.870000,10.327504,2206200
2018-07-02,10.930000,10.960000,10.870000,10.900000,10.356007,790100
2018-07-03,10.980000,11.078000,10.800000,10.890000,10.346507,1828000
2018-07-05,10.850000,10.970000,10.840000,10.890000,10.346507,827800
2018-07-06,10.900000,10.970000,10.790000,10.970000,10.422514,1112400
2018-07-09,10.970000,11.000000,10.890000,11.000000,10.451015,765800
2018-07-10,11.070000,11.070000,10.960000,11.050000,10.498520,1470000
2018-07-11,11.280000,11.510000,11.111000,11.300000,10.736045,3831300
2018-07-12,11.460000,11.653000,11.390000,11.470000,10.897561,2312900
2018-07-13,11.510000,11.650000,11.510000,11.590000,11.011572,1138600
2018-07-16,11.700000,11.700000,11.470000,11.490000,10.916562,860100
2018-07-17,11.540000,11.900000,11.450000,11.780000,11.192088,1781800
2018-07-18,11.800000,11.830000,11.714000,11.820000,11.230093,587200
2018-07-19,11.830000,11.990000,11.750000,11.930000,11.334602,1698500
2018-07-20,11.950000,12.880000,11.934000,12.550000,11.923659,3269900
2018-07-23,12.600000,12.750000,12.370000,12.690000,12.056671,954600
2018-07-24,12.640000,12.850000,12.330000,12.780000,12.142180,1967700
2018-07-25,12.990000,13.000000,12.680000,12.760000,12.123179,1386900
2018-07-26,12.710000,12.870000,12.355000,12.390000,11.771646,907800
2018-07-27,12.460000,12.640000,11.920000,12.180000,11.572126,738100
2018-07-30,12.290000,12.800000,12.250000,12.260000,11.648133,405700
2018-07-31,12.180000,12.500000,12.100000,12.300000,11.686137,367000
2018-08-01,12.500000,12.700000,12.260000,12.530000,11.904657,1148400
2018-08-02,13.000000,13.200000,12.820000,12.900000,12.256191,3807600
2018-08-03,12.850000,13.140000,12.682000,13.090000,12.436711,372500
2018-08-06,13.130000,13.200000,12.800000,12.850000,12.208686,599000
2018-08-07,12.920000,13.115000,12.740000,12.950000,12.303697,570800
2018-08-08,12.960000,13.090000,12.760000,12.830000,12.189685,584300
2018-08-09,12.770000,13.060000,12.770000,12.880000,12.237189,621400
2018-08-10,12.880000,13.050000,12.750000,12.800000,12.161181,905900
2018-08-13,12.710000,12.870000,12.280000,12.500000,11.876155,572200
2018-08-14,12.800000,13.400000,12.800000,12.920000,12.275194,1934300
2018-08-15,13.060000,13.060000,12.230000,12.660000,12.028170,1790000
2018-08-16,12.700000,13.230000,12.700000,13.040000,12.389204,807800
2018-08-17,13.250000,13.250000,13.010000,13.100000,12.446210,372200
2018-08-20,13.250000,13.480000,13.120000,13.400000,12.731236,749800
2018-08-21,13.700000,13.900000,13.525000,13.700000,13.016266,1927500
2018-08-22,13.930000,14.090000,13.750000,13.910000,13.215785,3175300
2018-08-23,13.950000,14.020000,13.833000,13.900000,13.206284,1254400
2018-08-24,13.930000,14.000000,13.891000,13.930000,13.234787,403000
2018-08-27,14.000000,14.100000,13.840000,13.910000,13.215785,896400
2018-08-28,13.900000,14.000000,13.510000,13.600000,12.921257,578500
2018-08-29,13.650000,13.860000,13.600000,13.680000,12.997264,401700
2018-08-30,13.720000,14.030000,13.710000,13.950000,13.253788,1337600
2018-08-31,13.830000,13.980000,13.640000,13.860000,13.168281,435400
2018-09-04,14.070000,14.160000,13.700000,13.870000,13.177782,1200400
2018-09-05,13.730000,13.805000,13.570000,13.760000,13.073272,487600
2018-09-06,13.820000,13.900000,13.530000,13.600000,12.921257,916100
2018-09-07,13.590000,13.590000,13.210000,13.390000,12.721739,790400
2018-09-10,13.400000,13.760000,13.400000,13.750000,13.063771,2516500
2018-09-11,13.920000,13.945000,13.625000,13.820000,13.130278,1516300
2018-09-12,13.930000,14.090000,13.830000,13.990000,13.291794,1400200
2018-09-13,14.080000,14.255000,13.871000,14.220000,13.510315,2214000
2018-09-14,14.210000,14.630000,14.210000,14.530000,13.804843,3050800
2018-09-17,14.570000,14.615000,14.070000,14.090000,13.386803,1447900
2018-09-18,14.140000,14.400000,14.115000,14.360000,13.643327,1510700
2018-09-19,14.400000,14.550000,14.200000,14.450000,13.728835,3309400
2018-09-20,14.540000,14.700000,14.440000,14.580000,13.852346,3086500
2018-09-21,14.620000,14.740000,14.230000,14.390000,13.671830,5131600
2018-09-24,14.410000,14.560000,14.350000,14.530000,13.804843,2274800
2018-09-25,14.510000,14.520000,14.300000,14.450000,13.728835,2250700
2018-09-26,14.380000,14.750000,14.320000,14.670000,13.937856,1710400
2018-09-27,14.750000,14.975000,14.660000,14.940000,14.194380,2156000
2018-09-28,14.920000,15.160000,14.870000,15.010000,14.260887,1353100
2018-10-01,15.010000,15.230000,14.820000,15.110000,14.355895,998700
2018-10-02,15.200000,15.200000,14.850000,14.850000,14.108872,982300
2018-10-03,14.920000,15.200000,14.660000,15.200000,14.441402,1561500
2018-10-04,15.130000,15.190000,14.740000,14.830000,14.089870,1087400
2018-10-05,14.830000,14.950000,14.610000,14.940000,14.194380,428800
2018-10-08,14.850000,14.910000,14.550000,14.580000,13.852346,1148900
2018-10-09,14.550000,14.760000,14.420000,14.590000,13.861849,1133300
2018-10-10,14.600000,14.600000,13.990000,14.080000,13.377301,2011000
2018-10-11,14.000000,14.028000,13.530000,13.670000,12.987763,989900
2018-10-12,13.810000,14.190000,13.600000,14.150000,13.443808,2097000
2018-10-15,14.210000,14.320000,14.080000,14.230000,13.519814,602200
2018-10-16,14.240000,14.630000,14.200000,14.510000,13.785840,1054500
2018-10-17,14.500000,14.690000,13.910000,14.030000,13.329795,1407100
2018-10-18,14.040000,14.160000,13.850000,14.060000,13.358298,915200
2018-10-19,14.180000,14.180000,13.860000,13.970000,13.272792,752400
2018-10-22,13.930000,14.100000,13.380000,13.670000,12.987763,631100
2018-10-23,13.500000,13.760000,13.230000,13.500000,12.826246,1326700
2018-10-24,13.430000,13.640000,12.880000,12.880000,12.237189,711900
2018-10-25,12.980000,13.290000,12.824000,13.140000,12.484216,1122700
2018-10-26,12.900000,13.350000,12.780000,13.120000,12.465212,1023400
2018-10-29,13.160000,13.240000,12.410000,12.540000,11.914159,817800
2018-10-30,12.540000,12.650000,12.180000,12.420000,11.800147,1393800
2018-10-31,12.580000,12.790000,12.350000,12.450000,11.828650,964500
2018-11-01,12.580000,12.800000,12.350000,12.440000,11.819149,976000
2018-11-02,12.530000,12.550000,12.180000,12.290000,11.676636,840900
2018-11-05,12.340000,12.680000,12.340000,12.600000,11.971165,840500
2018-11-06,12.630000,12.660000,12.410000,12.590000,11.961662,816900
2018-11-07,12.710000,12.800000,12.470000,12.590000,11.961662,1042000
2018-11-08,12.550000,12.558000,12.210000,12.250000,11.638632,878500
2018-11-09,12.090000,12.150000,11.860000,12.070000,11.467614,980200
2018-11-12,11.950000,12.140000,11.630000,11.700000,11.116081,1326700
2018-11-13,12.100000,12.400000,11.680000,11.940000,11.344104,2306200
2018-11-14,12.060000,12.410000,11.790000,12.110000,11.505619,1550700
2018-11-15,12.090000,12.890000,11.960000,12.880000,12.237189,1702000
2018-11-16,12.930000,13.100000,12.800000,12.950000,12.303697,1156100
2018-11-19,12.970000,13.020000,12.700000,12.710000,12.075675,1055700
2018-11-20,12.680000,12.860000,12.010000,12.160000,11.553123,1099000
2018-11-21,12.230000,12.740000,12.229000,12.560000,11.933162,756100
2018-11-23,12.150000,12.370000,12.020000,12.280000,11.667133,413600
2018-11-26,12.440000,12.710000,12.400000,12.670000,12.037671,812100
2018-11-27,12.490000,12.710000,12.210000,12.430000,11.809649,1250200
2018-11-28,12.420000,12.750000,12.260000,12.290000,11.676636,1435100
2018-11-29,12.310000,12.700000,12.260000,12.520000,11.895157,1722500
2018-11-30,12.370000,12.430000,11.870000,12.180000,11.572126,1895900
2018-12-03,12.420000,12.780000,12.400000,12.590000,11.961662,1924600
2018-12-04,12.600000,12.600000,11.940000,12.200000,11.591128,1204400
2018-12-06,11.960000,11.960000,11.300000,11.690000,11.106581,869200
2018-12-07,11.840000,12.200000,11.800000,11.950000,11.353602,854100
2018-12-10,11.790000,11.900000,11.410000,11.510000,10.935564,636700
2018-12-11,11.590000,11.780000,11.070000,11.310000,10.745545,641500
2018-12-12,11.450000,11.570000,11.120000,11.120000,10.565027,488800
2018-12-13,11.140000,11.410000,11.050000,11.400000,10.831053,804000
2018-12-14,11.190000,11.330000,10.990000,11.000000,10.451015,1183600
2018-12-17,10.960000,11.090000,10.570000,10.730000,10.194492,836900
2018-12-18,10.860000,10.990000,10.650000,10.670000,10.137486,1287500
2018-12-19,10.780000,10.980000,10.500000,10.790000,10.251498,772400
2018-12-20,10.600000,10.790000,10.500000,10.600000,10.070978,1185200
2018-12-21,10.800000,10.870000,10.480000,10.660000,10.127986,3742700
2018-12-24,10.470000,10.530000,10.010000,10.090000,9.586432,971600
2018-12-26,10.150000,10.860000,9.880000,10.860000,10.318003,1084900
2018-12-27,10.760000,10.890000,10.330000,10.780000,10.241997,986200
2018-12-28,10.900000,10.950000,10.570000,10.760000,10.222994,511400
2018-12-31,10.870000,11.250000,10.760000,11.210000,10.650537,503700
2019-01-02,10.990000,11.510000,10.880000,11.290000,10.726543,1070300
2019-01-03,11.290000,11.460000,10.960000,11.280000,10.717041,642900
2019-01-04,11.500000,11.880000,11.390000,11.880000,11.287097,804900
2019-01-07,12.060000,12.290000,11.800000,11.930000,11.334602,1105300
2019-01-08,12.260000,12.420000,12.150000,12.170000,11.562624,1158400
2019-01-09,12.420000,12.680000,12.210000,12.310000,11.695637,1867200
2019-01-10,12.240000,12.500000,12.030000,12.400000,11.781146,1442100
2019-01-11,12.280000,12.360000,12.040000,12.160000,11.553123,1361900
2019-01-14,12.070000,12.510000,11.980000,12.300000,11.686137,890700
2019-01-15,12.340000,12.430000,12.225000,12.340000,11.724141,623400
2019-01-16,12.310000,12.440000,12.120000,12.210000,11.600628,882700
2019-01-17,12.180000,12.480000,12.090000,12.410000,11.790646,770800
2019-01-18,12.510000,12.710000,12.450000,12.640000,12.009167,1432800
2019-01-22,12.440000,12.490000,12.048000,12.110000,11.505619,1233300
2019-01-23,12.220000,12.220000,11.730000,11.960000,11.363105,793700
2019-01-24,11.970000,12.420000,11.810000,12.390000,11.771646,3076300
2019-01-25,12.570000,12.750000,12.230000,12.300000,11.686137,3200700
2019-01-28,11.990000,12.080000,11.840000,11.990000,11.391608,906100
2019-01-29,11.990000,12.140000,11.770000,11.800000,11.211091,1116200
2019-01-30,11.810000,12.275000,11.810000,12.200000,11.591128,845800
2019-01-31,12.290000,12.330000,11.980000,12.040000,11.439113,592500
2019-02-01,12.010000,12.210000,11.910000,11.940000,11.344104,661700
2019-02-04,11.950000,11.960000,11.780000,11.940000,11.344104,537200
2019-02-05,11.920000,11.940000,11.450000,11.470000,10.897561,968800
2019-02-06,11.440000,11.650000,11.330000,11.550000,10.973567,893900
2019-02-07,11.480000,11.560000,11.180000,11.180000,10.622034,956300
2019-02-08,11.080000,11.200000,10.950000,11.050000,10.498520,1287200
2019-02-11,11.000000,11.280000,10.830000,11.270000,10.707542,1028000
2019-02-12,11.390000,12.070000,11.390000,12.030000,11.429612,1223300
2019-02-13,12.000000,12.350000,11.980000,12.230000,11.619630,1062900
2019-02-14,12.130000,12.580000,12.130000,12.390000,11.771646,1157200
2019-02-15,12.470000,12.740000,12.420000,12.730000,12.094676,1065100
2019-02-19,12.600000,12.740000,12.480000,12.640000,12.009167,1052100
2019-02-20,12.530000,12.770000,12.470000,12.670000,12.037671,636600
2019-02-21,12.570000,12.660000,12.230000,12.240000,11.629131,1067700
2019-02-22,12.410000,12.560000,12.250000,12.560000,11.933162,862000
2019-02-25,12.520000,12.650000,12.280000,12.520000,11.895157,729700
2019-02-26,12.260000,12.640000,12.000000,12.260000,11.648133,1810000
2019-02-27,12.240000,12.660000,12.180000,12.470000,11.847652,1351200
2019-02-28,12.510000,12.540000,12.160000,12.300000,11.686137,1071900
2019-03-01,12.400000,12.590000,12.240000,12.410000,11.790646,1116100
2019-03-04,12.400000,12.800000,12.285000,12.790000,12.151683,1577100
2019-03-05,12.780000,12.900000,12.640000,12.660000,12.028170,1324000
2019-03-06,12.650000,12.680000,12.200000,12.240000,11.629131,856100
2019-03-07,12.260000,12.360000,12.050000,12.240000,11.629131,770100
2019-03-08,12.180000,12.235000,12.000000,12.220000,11.610129,1536700
2019-03-11,12.280000,12.420000,12.190000,12.400000,11.781146,1184500
2019-03-12,12.400000,12.530000,12.240000,12.310000,11.695637,1278400
2019-03-13,12.420000,12.600000,12.335000,12.570000,11.942662,1479400
2019-03-14,12.590000,12.690000,12.485000,12.600000,11.971165,920700
2019-03-15,12.510000,12.700000,12.400000,12.550000,11.923659,2159500
2019-03-18,12.590000,12.800000,12.380000,12.770000,12.132682,1325900
2019-03-19,12.740000,12.770000,12.260000,12.330000,11.714639,1424600
2019-03-20,12.250000,12.505000,12.230000,12.440000,11.819149,1682500
2019-03-21,12.450000,12.570000,12.250000,12.490000,11.866655,1407300
2019-03-22,12.370000,12.430000,11.920000,11.920000,11.325104,1050600
2019-03-25,11.870000,12.080000,11.720000,11.980000,11.382106,989800
2019-03-26,12.100000,12.220000,11.980000,12.110000,11.505619,1109000
2019-03-27,12.080000,12.225000,11.860000,12.140000,11.534121,687400
2019-03-28,12.070000,12.250000,11.950000,12.120000,11.515119,773600
2019-03-29,12.280000,12.370000,11.970000,12.000000,11.401108,534900
2019-04-01,12.210000,12.460000,12.050000,12.440000,11.819149,1238900
2019-04-02,12.490000,12.600000,12.365000,12.470000,11.847652,647800
2019-04-03,12.630000,12.630000,12.410000,12.500000,11.876155,1058900
2019-04-04,12.480000,12.780000,12.370000,12.780000,12.142180,701400
2019-04-05,12.800000,13.000000,12.720000,12.800000,12.161181,905100
2019-04-08,12.880000,13.110000,12.840000,12.970000,12.322699,929400
2019-04-09,13.160000,13.440000,13.000000,13.280000,12.617229,1253500
2019-04-10,13.300000,13.420000,13.250000,13.340000,12.674233,723000
2019-04-11,13.290000,13.360000,13.140000,13.280000,12.617229,469000
2019-04-12,13.720000,13.750000,13.550000,13.660000,12.978262,774700
2019-04-15,13.550000,13.790000,13.330000,13.390000,12.721739,939300
2019-04-16,13.410000,13.490000,13.210000,13.330000,12.664732,773400
2019-04-17,13.480000,13.610000,13.350000,13.610000,12.930757,1248900
2019-04-18,13.660000,13.700000,13.480000,13.550000,12.873753,540500
2019-04-22,13.730000,13.830000,13.660000,13.770000,13.082774,581300
2019-04-23,13.830000,13.970000,13.580000,13.920000,13.225287,1180100
2019-04-24,13.990000,14.130000,13.760000,13.840000,13.149278,628800
2019-04-25,13.760000,13.955000,13.645000,13.690000,13.006764,603600
2019-04-26,13.550000,13.710000,13.290000,13.490000,12.816747,769700
2019-04-29,13.470000,13.480000,13.280000,13.390000,12.721739,526200
2019-04-30,13.410000,13.410000,13.140000,13.180000,12.522219,596600
2019-05-01,13.210000,13.320000,12.950000,12.960000,12.313198,785500
2019-05-02,12.780000,12.940000,12.530000,12.620000,11.990167,1146400
2019-05-03,12.750000,12.990000,12.610000,12.980000,12.332199,821100
2019-05-06,12.780000,13.280000,12.725000,13.130000,12.474712,1271400
2019-05-07,12.970000,13.030000,12.280000,12.560000,11.933162,2658800
2019-05-08,12.510000,13.140000,12.450000,12.900000,12.256191,1265300
2019-05-09,12.780000,12.885000,12.640000,12.840000,12.199187,1271800
2019-05-10,12.790000,12.990000,12.620000,12.650000,12.018668,986500
2019-05-13,12.480000,12.630000,12.250000,12.400000,11.781146,1225600
2019-05-14,12.510000,12.590000,12.320000,12.400000,11.781146,1262500
2019-05-15,12.350000,12.470000,12.260000,12.390000,11.771646,1121800
2019-05-16,12.380000,12.700000,12.380000,12.570000,11.942662,762400
2019-05-17,12.450000,12.590000,12.340000,12.360000,11.743140,488700
2019-05-20,12.440000,12.730000,12.350000,12.450000,11.828650,754700
2019-05-21,12.500000,12.660000,12.350000,12.630000,11.999667,760700
2019-05-22,12.500000,12.535000,12.160000,12.280000,11.667133,803800
2019-05-23,12.150000,12.205000,11.720000,11.760000,11.173087,1225000
2019-05-24,11.870000,11.970000,11.400000,11.570000,10.992569,674300
2019-05-28,11.570000,11.650000,11.360000,11.480000,10.907060,2096900
2019-05-29,11.290000,11.420000,11.180000,11.420000,10.850057,810200
2019-05-30,11.400000,11.450000,11.190000,11.290000,10.726543,812100
2019-05-31,11.090000,11.160000,11.000000,11.030000,10.479519,848400
2019-06-03,11.120000,11.130000,10.920000,11.050000,10.498520,892600
2019-06-04,11.050000,11.200000,10.910000,11.030000,10.479519,1336600
2019-06-05,10.990000,11.050000,10.690000,10.720000,10.184991,974400
2019-06-06,10.730000,10.900000,10.710000,10.870000,10.327504,1190800
2019-06-07,11.230000,11.920000,11.170000,11.670000,11.087579,4588100
2019-06-10,11.700000,11.755000,11.200000,11.200000,10.641034,1458500
2019-06-11,11.310000,11.350000,11.150000,11.180000,10.622034,968500
2019-06-12,11.150000,11.170000,10.670000,10.730000,10.194492,1337700
2019-06-13,10.910000,11.150000,10.760000,10.860000,10.318003,1028900
2019-06-14,10.840000,10.970000,10.600000,10.600000,10.070978,1038000
2019-06-17,10.550000,11.050000,10.500000,10.840000,10.299003,1149800
2019-06-18,10.920000,11.360000,10.870000,11.170000,10.612533,936900
2019-06-19,11.090000,11.360000,10.940000,11.090000,10.536526,843400
2019-06-20,11.320000,11.650000,11.320000,11.580000,11.002069,1249200
2019-06-21,11.600000,11.670000,11.370000,11.480000,10.907060,2392500
2019-06-24,11.450000,11.570000,11.340000,11.380000,10.812050,756500
2019-06-25,11.400000,11.460000,11.180000,11.180000,10.622034,667400
2019-06-26,11.370000,11.596000,11.240000,11.530000,10.954564,965000
2019-06-27,11.550000,11.765000,11.480000,11.510000,10.935564,1117600
2019-06-28,11.490000,11.620000,11.140000,11.580000,11.002069,14588900
2019-07-01,11.760000,12.020000,11.490000,11.700000,11.116081,1705500
2019-07-02,11.630000,11.630000,11.260000,11.370000,10.802552,1170300
2019-07-03,11.390000,11.440000,11.190000,11.310000,10.745545,760100
2019-07-05,11.270000,11.410000,11.190000,11.340000,10.774048,657600
2019-07-08,11.270000,11.535000,11.260000,11.450000,10.878557,1515700
2019-07-09,11.400000,11.510000,11.210000,11.270000,10.707542,1618000
2019-07-10,11.390000,11.500000,11.150000,11.290000,10.726543,1346900
2019-07-11,11.250000,11.250000,10.750000,10.870000,10.327504,2255700
2019-07-12,10.870000,10.905000,10.630000,10.870000,10.327504,1651200
2019-07-15,10.940000,10.990000,10.640000,10.950000,10.403512,1919600
2019-07-16,10.920000,11.010000,10.610000,10.860000,10.318003,1350300
2019-07-17,10.850000,10.870000,10.655000,10.670000,10.137486,1319000
2019-07-18,10.600000,10.710000,10.395000,10.670000,10.137486,3665000
2019-07-19,10.660000,10.890000,10.520000,10.800000,10.260998,2431000
2019-07-22,10.840000,11.025000,10.740000,10.840000,10.299003,1307000
2019-07-23,10.850000,11.110000,10.780000,11.100000,10.546025,1131400
2019-07-24,11.080000,11.145000,10.910000,11.090000,10.536526,1435800
2019-07-25,11.160000,11.260000,10.860000,10.930000,10.384511,1680100
2019-07-26,10.950000,11.010000,10.790000,10.790000,10.251498,1173000
2019-07-29,10.780000,10.880000,10.380000,10.600000,10.070978,985200
2019-07-30,10.530000,11.190000,10.460000,11.180000,10.622034,978200
2019-07-31,11.180000,11.490000,11.100000,11.180000,10.622034,1226400
2019-08-01,10.970000,10.970000,10.330000,10.360000,9.842958,1794600
2019-08-02,10.380000,10.468000,10.140000,10.400000,9.880961,1379600
2019-08-05,10.120000,10.200000,9.660000,9.970000,9.472421,1624500
2019-08-06,10.020000,10.280000,9.690000,9.940000,9.443918,1372500
2019-08-07,9.750000,10.040000,9.265000,9.830000,9.339408,3036500
2019-08-08,9.940000,10.140000,9.730000,9.940000,9.443918,1945600
2019-08-09,10.010000,10.345000,9.980000,10.090000,9.586432,1592600
2019-08-12,10.050000,10.080000,9.830000,9.990000,9.491423,983500
2019-08-13,9.990000,10.320000,9.810000,10.130000,9.624435,1259300
2019-08-14,9.860000,9.920000,9.570000,9.800000,9.310905,1282300
2019-08-15,9.790000,9.870000,9.640000,9.840000,9.348909,1218500
2019-08-16,9.880000,10.155000,9.780000,10.120000,9.614936,1369500
2019-08-19,10.330000,10.510000,10.290000,10.470000,9.947468,1607300
2019-08-20,10.370000,10.410000,10.135000,10.250000,9.738446,839100
2019-08-21,10.420000,10.465000,10.230000,10.390000,9.871460,1521200
2019-08-22,10.430000,10.470000,10.180000,10.240000,9.728947,1037800
2019-08-23,10.060000,10.275000,9.835000,9.910000,9.415414,1947100
2019-08-26,10.010000,10.160000,9.870000,9.960000,9.462919,1195800
2019-08-27,10.070000,10.120000,9.785000,9.860000,9.367909,1338600
2019-08-28,9.940000,10.150000,9.890000,10.110000,9.605433,1245300
2019-08-29,10.250000,10.390000,10.150000,10.240000,9.728947,1635100
2019-08-30,10.360000,10.550000,10.040000,10.210000,9.700442,871000
2019-09-03,9.960000,10.350000,9.860000,10.260000,9.747948,1292400
2019-09-04,10.470000,10.480000,10.130000,10.280000,9.766951,1972400
2019-09-05,10.380000,10.610000,10.190000,10.340000,9.823956,1807000
2019-09-06,10.280000,10.390000,10.138000,10.330000,9.814455,785300
2019-09-09,10.360000,10.730000,10.360000,10.700000,10.165987,1452300
2019-09-10,10.720000,10.910000,10.660000,10.800000,10.260998,2230100
2019-09-11,10.910000,11.280000,10.780000,10.940000,10.394010,1846300
2019-09-12,10.610000,10.930000,10.495000,10.780000,10.241997,1060900
2019-09-13,10.880000,11.040000,10.625000,10.750000,10.213491,1638100
2019-09-16,11.590000,12.200000,11.440000,12.170000,11.562624,2772100
2019-09-17,12.000000,12.140000,11.640000,11.740000,11.154084,2220200
2019-09-18,11.570000,11.890000,11.460000,11.780000,11.192088,1516100
2019-09-19,11.900000,11.900000,11.495000,11.600000,11.021072,990400
2019-09-20,11.600000,11.780000,11.520000,11.650000,11.068575,1472100
2019-09-23,11.520000,11.850000,11.520000,11.750000,11.163586,1314400
2019-09-24,11.720000,11.730000,11.170000,11.250000,10.688540,1227800
2019-09-25,11.110000,11.285000,11.030000,11.260000,10.698041,1053900
2019-09-26,11.140000,11.140000,10.875000,11.020000,10.470019,950200
2019-09-27,10.800000,11.250000,10.720000,11.160000,10.603031,1037200
2019-09-30,11.010000,11.160000,10.900000,11.100000,10.546025,1076800
2019-10-01,11.190000,11.280000,10.630000,10.660000,10.127986,1389500
2019-10-02,10.580000,10.795000,10.135000,10.290000,9.776450,1367800
2019-10-03,10.230000,10.520000,10.140000,10.450000,9.928466,1713700
2019-10-04,10.440000,10.550000,10.280000,10.530000,10.004472,876900
2019-10-07,10.580000,10.580000,10.220000,10.250000,9.738446,1110400
2019-10-08,10.100000,10.130000,9.910000,9.980000,9.481924,1806600
2019-10-09,10.100000,10.100000,9.950000,10.000000,9.500924,1510300
2019-10-10,10.060000,10.320000,9.990000,10.260000,9.747948,714800
2019-10-11,10.500000,10.690000,10.440000,10.550000,10.023475,863200
2019-10-14,10.380000,10.390000,10.165000,10.230000,9.719445,2014300
2019-10-15,10.110000,10.580000,10.090000,10.210000,9.700442,840100
2019-10-16,10.170000,10.330000,10.065000,10.090000,9.586432,551600
2019-10-17,10.120000,10.390000,10.040000,10.190000,9.681442,721100
2019-10-18,10.190000,10.390000,10.030000,10.050000,9.548429,1459800
2019-10-21,10.050000,10.380000,10.030000,10.290000,9.776450,1101800
2019-10-22,10.270000,10.630000,10.240000,10.460000,9.937967,1061200
2019-10-23,10.410000,10.650000,10.300000,10.470000,9.947468,875800
2019-10-24,10.600000,10.600000,10.180000,10.380000,9.861959,813100
2019-10-25,10.330000,10.580000,10.290000,10.490000,9.966468,519600
2019-10-28,10.590000,10.730000,10.460000,10.500000,9.975971,1153800
2019-10-29,10.460000,10.710000,10.305000,10.560000,10.032977,645600
2019-10-30,10.590000,10.620000,10.180000,10.210000,9.700442,1139400
2019-10-31,10.160000,10.210000,9.530000,9.820000,9.329907,3329500
2019-11-01,9.930000,10.240000,9.890000,10.150000,9.643436,1208400
2019-11-04,10.320000,10.650000,10.320000,10.520000,9.994972,1511600
2019-11-05,10.750000,11.280000,10.670000,11.190000,10.631534,1381900
2019-11-06,11.120000,11.310000,10.900000,11.050000,10.498520,1393400
2019-11-07,11.260000,11.860000,11.260000,11.630000,11.049575,2129400
2019-11-08,11.510000,11.850000,11.450000,11.800000,11.211091,1051400
2019-11-11,11.620000,11.770000,11.440000,11.490000,10.916562,627100
2019-11-12,11.500000,11.810000,11.410000,11.630000,11.049575,892000
2019-11-13,11.560000,11.750000,11.500000,11.650000,11.068575,574700
2019-11-14,11.670000,11.850000,11.570000,11.620000,11.040074,946900
2019-11-15,11.680000,11.820000,11.570000,11.710000,11.125583,895800
2019-11-18,11.670000,11.690000,11.360000,11.470000,10.897561,826700
2019-11-19,11.360000,11.380000,11.080000,11.240000,10.679038,1494000
2019-11-20,11.260000,11.550000,11.121000,11.500000,10.926063,1196300
2019-11-21,11.520000,11.660000,11.410000,11.600000,11.021072,658900
2019-11-22,11.680000,11.700000,11.430000,11.500000,10.926063,782400
2019-11-25,11.520000,11.700000,11.460000,11.590000,11.011572,818200
2019-11-26,11.600000,11.640000,11.340000,11.380000,10.812050,806600
2019-11-27,11.360000,11.430000,11.270000,11.290000,10.726543,535000
2019-11-29,11.120000,11.140000,10.825000,10.860000,10.318003,563900
2019-12-02,10.950000,11.230000,10.880000,11.190000,10.631534,1076900
2019-12-03,11.030000,11.160000,10.880000,11.040000,10.489021,1218100
2019-12-04,11.180000,11.450000,11.170000,11.300000,10.736045,894400
2019-12-05,11.320000,11.410000,11.130000,11.150000,10.593529,901400
2019-12-06,11.230000,11.580000,11.150000,11.510000,10.935564,1112200
2019-12-09,11.490000,11.740000,11.380000,11.670000,11.087579,1173900
2019-12-10,11.730000,11.835000,11.640000,11.800000,11.211091,1275500
2019-12-11,11.810000,11.890000,11.730000,11.760000,11.173087,1519700
2019-12-12,11.790000,12.115000,11.781000,12.030000,11.429612,1463300
2019-12-13,12.050000,12.265000,11.740000,11.870000,11.277598,2001500
2019-12-16,12.010000,12.430000,11.980000,12.200000,11.591128,2279800
2019-12-17,12.250000,12.570000,12.220000,12.550000,11.923659,1334700
2019-12-18,12.530000,12.650000,12.330000,12.380000,11.762144,1063800
2019-12-19,12.390000,12.720000,12.340000,12.620000,11.990167,1308200
2019-12-20,12.650000,12.700000,12.375000,12.410000,11.790646,2131200
2019-12-23,12.410000,12.650000,12.380000,12.630000,11.999667,1243700
2019-12-24,12.730000,12.820000,12.520000,12.560000,11.933162,475700
2019-12-26,12.620000,12.720000,12.530000,12.660000,12.028170,587600
2019-12-27,12.780000,12.850000,12.550000,12.590000,11.961662,827500
2019-12-30,12.630000,12.755000,12.520000,12.520000,11.895157,1021700
2019-12-31,12.400000,12.730000,12.360000,12.580000,11.952162,627200
2020-01-02,12.690000,12.750000,12.520000,12.630000,11.999667,718500
2020-01-03,12.860000,13.030000,12.710000,12.920000,12.275194,1761000
2020-01-06,12.920000,13.285000,12.870000,13.100000,12.446210,1097400
2020-01-07,13.040000,13.090000,12.825000,12.900000,12.256191,706300
2020-01-08,12.900000,12.900000,12.290000,12.420000,11.800147,1321200
2020-01-09,12.400000,12.560000,12.150000,12.500000,11.876155,1043700
2020-01-10,12.510000,12.600000,12.355000,12.500000,11.876155,772900
2020-01-13,12.460000,12.500000,12.130000,12.320000,11.705138,1140400
2020-01-14,12.460000,12.540000,12.235000,12.410000,11.790646,949800
2020-01-15,12.310000,12.470000,12.280000,12.410000,11.790646,536000
2020-01-16,12.510000,12.610000,12.420000,12.460000,11.838152,485500
2020-01-17,12.500000,12.540000,12.350000,12.360000,11.743140,1033400
2020-01-21,12.310000,12.415000,12.140000,12.140000,11.534121,675200
2020-01-22,12.060000,12.060000,11.790000,11.890000,11.296599,956000
2020-01-23,11.600000,11.600000,11.418000,11.490000,10.916562,1656300
2020-01-24,11.490000,11.505000,11.100000,11.260000,10.698041,1286500
2020-01-27,10.940000,11.140000,10.920000,10.980000,10.432014,1872000
2020-01-28,11.050000,11.220000,10.920000,10.930000,10.384511,1574700
2020-01-29,10.990000,11.050000,10.590000,10.710000,10.175490,1559300
2020-01-30,10.620000,10.860000,10.510000,10.840000,10.299003,1292000
2020-01-31,10.640000,10.730000,10.400000,10.520000,9.994972,1799800
2020-02-03,10.530000,10.690000,10.270000,10.300000,9.785951,1621500
2020-02-04,10.550000,10.580000,10.300000,10.330000,9.814455,957100
2020-02-05,10.500000,10.690000,10.450000,10.540000,10.013973,1462500
2020-02-06,10.550000,10.640000,10.270000,10.290000,9.776450,899300
2020-02-07,10.140000,10.240000,10.030000,10.150000,9.643436,874900
2020-02-10,10.040000,10.090000,9.780000,9.820000,9.329907,787100
2020-02-11,9.960000,10.035000,9.600000,9.610000,9.130387,926000
2020-02-12,9.750000,9.860000,9.455000,9.570000,9.092384,1421000
2020-02-13,9.530000,9.610000,9.400000,9.500000,9.025877,1035100
2020-02-14,9.490000,9.700000,9.390000,9.660000,9.177892,2203700
2020-02-18,9.550000,9.610000,9.150000,9.180000,8.721848,1443700
2020-02-19,9.230000,9.410000,9.110000,9.270000,8.807358,2432700
2020-02-20,9.200000,9.320000,8.600000,8.860000,8.417819,3189800
2020-02-21,8.700000,8.700000,8.390000,8.570000,8.142292,2414900
2020-02-24,8.210000,8.260000,7.900000,8.140000,7.733753,1844200
2020-02-25,8.160000,8.170000,7.310000,7.420000,7.049685,2186300
2020-02-26,7.660000,7.760000,7.300000,7.370000,7.002181,2292900
2020-02-27,7.060000,7.420000,6.880000,7.070000,6.717154,2104800
2020-02-28,6.880000,7.510000,6.880000,7.510000,7.135194,3977900
2020-03-02,7.570000,7.670000,7.250000,7.600000,7.220701,1923200
2020-03-03,7.730000,7.900000,7.470000,7.630000,7.249205,2439800
2020-03-04,7.700000,7.750000,7.290000,7.640000,7.258706,1884500
2020-03-05,7.430000,7.500000,7.020000,7.110000,6.755157,1727700
2020-03-06,6.780000,6.950000,6.080000,6.260000,5.947578,2755600
2020-03-09,4.110000,5.380000,3.580000,5.150000,4.892975,6640400
2020-03-10,5.600000,6.050000,4.810000,5.340000,5.073493,4707400
2020-03-11,4.970000,5.080000,4.600000,4.810000,4.569944,4460700
2020-03-12,4.500000,4.940000,4.175000,4.450000,4.227911,4901700
2020-03-13,4.720000,5.110000,4.170000,4.980000,4.731460,4040000
2020-03-16,4.270000,5.050000,3.920000,4.020000,3.819371,3448000
2020-03-17,4.080000,4.320000,3.560000,3.640000,3.458337,2997100
2020-03-18,3.370000,3.700000,3.230000,3.380000,3.211313,2546800
2020-03-19,3.400000,4.490000,3.240000,4.190000,3.980887,2763700
2020-03-20,4.310000,4.790000,3.980000,3.980000,3.781368,3466500
2020-03-23,3.910000,4.045000,3.610000,3.850000,3.657856,2386800
2020-03-24,4.080000,4.260000,3.900000,4.070000,3.866876,2306400
2020-03-25,4.110000,4.310000,3.760000,4.040000,3.838373,3020000
2020-03-26,4.070000,4.630000,4.070000,4.520000,4.294418,1904200
2020-03-27,4.300000,4.430000,4.000000,4.110000,3.904880,2144000
2020-03-30,4.000000,4.110000,3.680000,3.900000,3.705360,2439000
2020-03-31,3.960000,4.200000,3.870000,4.000000,3.800370,3464000
2020-04-01,3.960000,4.000000,3.450000,3.610000,3.429833,2309500
2020-04-02,3.620000,4.450000,3.610000,3.970000,3.771867,2241000
2020-04-03,4.010000,4.270000,3.880000,3.910000,3.714862,3729500
2020-04-06,4.030000,4.110000,3.800000,3.910000,3.714862,1799200
2020-04-07,4.070000,4.350000,3.850000,3.970000,3.771867,2380100
2020-04-08,4.130000,4.360000,4.000000,4.360000,4.142403,2069000
2020-04-09,4.580000,5.170000,4.240000,4.470000,4.246913,2307800
2020-04-13,4.640000,4.860000,4.055000,4.440000,4.218410,2282200
2020-04-14,4.470000,4.640000,4.340000,4.560000,4.332421,1919800
2020-04-15,4.240000,4.340000,4.040000,4.220000,4.009389,1418800
2020-04-16,4.140000,4.140000,3.760000,3.770000,3.581848,1081700
2020-04-17,3.820000,4.125000,3.730000,4.010000,3.809871,1825200
2020-04-20,3.830000,4.060000,3.593000,3.880000,3.686359,1878800
2020-04-21,3.760000,4.030000,3.700000,3.980000,3.781368,1661200
2020-04-22,4.180000,4.545000,4.150000,4.450000,4.227911,1932500
2020-04-23,4.900000,5.570000,4.800000,5.160000,4.902476,5552800
2020-04-24,5.180000,5.321000,4.825000,5.150000,4.892975,1980600
2020-04-27,5.020000,5.310000,4.930000,5.170000,4.911978,2186500
2020-04-28,5.200000,5.530000,5.115000,5.520000,5.244511,2562400
2020-04-29,5.800000,6.370000,5.705000,6.180000,5.871570,2565200
2020-04-30,6.180000,6.555000,5.850000,6.470000,6.147098,2079100
2020-05-01,6.180000,6.305000,5.740000,5.820000,5.529539,1380100
2020-05-04,5.760000,5.970000,5.590000,5.950000,5.653049,1149700
2020-05-05,6.270000,6.450000,5.345000,5.470000,5.197005,3968500
2020-05-06,5.470000,5.500000,5.050000,5.120000,4.864473,2517400
2020-05-07,5.480000,5.540000,4.750000,4.930000,4.683955,3816400
2020-05-08,5.060000,5.130000,4.920000,5.010000,4.759963,5717000
2020-05-11,4.930000,5.150000,4.855000,5.040000,4.788465,8433300
2020-05-12,5.090000,5.630000,5.090000,5.440000,5.168503,5662200
2020-05-13,5.200000,5.335000,4.910000,5.080000,4.826469,4201900
2020-05-14,5.010000,5.325000,4.763000,5.020000,4.769464,7279900
2020-05-15,5.100000,5.690000,5.010000,5.490000,5.216007,4319900
2020-05-18,5.920000,6.180000,5.810000,6.110000,5.805065,2439000
2020-05-19,6.080000,6.270000,5.930000,5.950000,5.653049,1709600
2020-05-20,6.110000,6.340000,6.060000,6.280000,5.966581,996600
2020-05-21,6.290000,6.460000,6.220000,6.260000,5.947578,1620400
2020-05-22,6.250000,6.330000,5.820000,5.930000,5.634048,1694600
2020-05-26,6.230000,6.290000,5.935000,6.250000,5.938077,1617600
2020-05-27,6.410000,6.440000,6.128000,6.180000,5.871570,1875600
2020-05-28,6.140000,6.145000,5.820000,5.910000,5.615047,1819000
2020-05-29,5.810000,5.940000,5.510000,5.550000,5.273013,2141600
2020-06-01,5.530000,5.705000,5.380000,5.550000,5.273013,1911900
2020-06-02,5.620000,5.980000,5.620000,5.890000,5.596044,1656800
2020-06-03,6.050000,6.400000,6.010000,6.320000,6.004583,2274800
2020-06-04,6.190000,6.290000,6.010000,6.240000,5.928576,1807900
2020-06-05,6.780000,7.430000,6.770000,7.220000,6.859667,2579000
2020-06-08,7.620000,7.755000,7.020000,7.550000,7.173198,3484800
2020-06-09,7.130000,7.320000,6.670000,7.040000,6.688651,1846400
2020-06-10,6.830000,6.960000,6.440000,6.590000,6.261109,1652800
2020-06-11,6.040000,6.420000,5.810000,5.840000,5.548539,1999500
2020-06-12,6.270000,6.305000,5.905000,6.240000,5.928576,1569500
2020-06-15,5.820000,6.300000,5.760000,6.240000,5.928576,1638900
2020-06-16,6.820000,6.890000,6.280000,6.390000,6.071090,2061900
2020-06-17,6.310000,6.340000,6.020000,6.040000,5.738559,1415600
2020-06-18,6.070000,6.180000,5.910000,6.010000,5.710056,1227700
2020-06-19,6.260000,6.280000,5.810000,5.860000,5.567542,2711300
2020-06-22,5.750000,6.090000,5.630000,5.930000,5.634048,3115400
2020-06-23,6.020000,6.080000,5.850000,6.000000,5.700554,2080000
2020-06-24,6.060000,6.060000,5.480000,5.590000,5.311017,3057400
2020-06-25,5.530000,5.865000,5.490000,5.790000,5.501035,2067300
2020-06-26,5.790000,5.800000,5.440000,5.490000,5.216007,5954900
2020-06-29,5.630000,6.260000,5.630000,6.230000,5.919076,3714100
2020-06-30,6.130000,6.160000,5.880000,6.060000,5.757559,2337100
2020-07-01,6.080000,6.500000,6.080000,6.320000,6.004583,2950700
2020-07-02,6.580000,6.795000,6.420000,6.650000,6.318114,2698300
2020-07-06,6.760000,6.860000,6.480000,6.520000,6.194602,2312000
2020-07-07,6.400000,6.480000,6.310000,6.380000,6.061590,1478500
2020-07-08,6.330000,6.390000,6.180000,6.310000,5.995083,2012600
2020-07-09,6.260000,6.320000,6.010000,6.060000,5.757559,2093900
2020-07-10,6.000000,6.580000,6.000000,6.350000,6.033087,1872900
2020-07-13,6.470000,6.490000,6.030000,6.050000,5.748059,1910800
2020-07-14,6.100000,6.510000,6.000000,6.490000,6.166100,1772100
2020-07-15,6.670000,6.960000,6.640000,6.820000,6.479630,1782600
2020-07-16,6.730000,6.910000,6.535000,6.690000,6.356118,1699300
2020-07-17,6.750000,7.055000,6.545000,6.560000,6.232606,1341700
2020-07-20,6.500000,6.680000,6.440000,6.630000,6.299112,1009100
2020-07-21,6.800000,7.150000,6.800000,7.150000,6.793160,1681200
2020-07-22,7.000000,7.070000,6.815000,7.010000,6.660148,1299900
2020-07-23,6.940000,7.060000,6.790000,6.850000,6.508133,1388300
2020-07-24,6.800000,6.940000,6.670000,6.680000,6.346617,1149300
2020-07-27,6.530000,6.700000,6.400000,6.430000,6.109094,1098600
2020-07-28,6.360000,6.450000,5.940000,5.970000,5.672052,2122100
2020-07-29,5.970000,6.097000,5.910000,6.060000,5.757559,1358100
2020-07-30,6.060000,6.060000,5.712000,5.920000,5.624547,1699900
2020-07-31,5.810000,5.990000,5.775000,5.980000,5.681552,1689000
2020-08-03,6.010000,6.020000,5.790000,5.910000,5.615047,1023600
2020-08-04,5.880000,6.260000,5.870000,6.120000,5.814566,1402000
2020-08-05,6.310000,6.460000,6.170000,6.360000,6.042589,1150400
2020-08-06,6.010000,6.430000,5.880000,6.110000,5.805065,1584700
2020-08-07,6.110000,6.340000,5.970000,6.290000,5.976081,1797600
2020-08-10,6.330000,6.745000,6.300000,6.610000,6.280110,1408400
2020-08-11,6.810000,7.100000,6.735000,6.740000,6.403623,1746000
2020-08-12,6.900000,7.135000,6.800000,6.920000,6.574639,1161600
2020-08-13,7.030000,7.110000,6.750000,6.880000,6.536636,1005200
2020-08-14,6.800000,7.020000,6.780000,6.940000,6.593641,703500
2020-08-17,6.880000,6.920000,6.730000,6.830000,6.489131,693000
2020-08-18,6.730000,6.750000,6.480000,6.520000,6.194602,1050400
2020-08-19,6.550000,6.610000,6.420000,6.440000,6.118595,836900
2020-08-20,6.320000,6.420000,6.150000,6.200000,5.890573,1066200
2020-08-21,6.090000,6.155000,5.965000,5.980000,5.681552,898700
2020-08-24,6.030000,6.275000,5.950000,6.230000,5.919076,1386800
2020-08-25,6.310000,6.380000,6.240000,6.300000,5.985582,796700
2020-08-26,6.300000,6.320000,6.030000,6.030000,5.729057,1174400
2020-08-27,6.430000,6.720000,6.255000,6.400000,6.080591,2266300
2020-08-28,6.400000,6.720000,6.335000,6.630000,6.299112,1541300
2020-08-31,6.610000,6.640000,6.380000,6.440000,6.118595,1324200
2020-09-01,6.430000,6.530000,6.280000,6.490000,6.166100,745900
2020-09-02,6.460000,6.460000,6.220000,6.230000,5.919076,970700
2020-09-03,6.240000,6.340000,6.030000,6.050000,5.748059,1626000
2020-09-04,6.200000,6.270000,5.960000,6.100000,5.795564,740800
2020-09-08,6.010000,6.010000,5.645000,5.690000,5.406025,1890700
2020-09-09,5.770000,5.890000,5.680000,5.810000,5.520037,998100
2020-09-10,5.780000,5.920000,5.760000,5.860000,5.567542,2221700
2020-09-11,5.890000,6.060000,5.780000,5.940000,5.643548,2476400
2020-09-14,5.940000,5.980000,5.640000,5.900000,5.605546,1566300
2020-09-15,5.950000,6.050000,5.855000,5.890000,5.596044,1525500
2020-09-16,5.930000,6.300000,5.880000,6.070000,5.767060,2783000
2020-09-17,5.950000,6.400000,5.910000,6.270000,5.957079,2173300
2020-09-18,6.310000,6.380000,6.040000,6.100000,5.795564,3066700
2020-09-21,5.940000,5.940000,5.520000,5.550000,5.273013,2353100
2020-09-22,5.580000,5.685000,5.470000,5.500000,5.225508,2154400
2020-09-23,5.510000,5.580000,5.150000,5.150000,4.892975,1411300
2020-09-24,5.280000,5.545000,5.130000,5.380000,5.111497,2652400
2020-09-25,5.270000,5.580000,5.250000,5.490000,5.216007,2030300
2020-09-28,5.590000,5.690000,5.445000,5.600000,5.320517,1293100
2020-09-29,5.550000,5.580000,5.255000,5.450000,5.178003,1318200
2020-09-30,5.500000,5.520000,5.140000,5.170000,4.911978,1766300
2020-10-01,5.080000,5.170000,5.000000,5.090000,4.835970,2486100
2020-10-02,4.950000,5.400000,4.870000,5.290000,5.025989,2604100
2020-10-05,5.420000,5.570000,5.375000,5.400000,5.130499,1575900
2020-10-06,5.550000,5.680000,5.100000,5.110000,4.854972,1796900
2020-10-07,5.130000,5.280000,5.100000,5.260000,4.997486,1501500
2020-10-08,5.320000,5.390000,5.180000,5.350000,5.082994,1793300
2020-10-09,5.410000,5.490000,5.110000,5.160000,4.902476,1310600
2020-10-12,5.090000,5.160000,4.955000,5.120000,4.864473,2121700
2020-10-13,5.030000,5.180000,5.020000,5.060000,4.807468,892400
2020-10-14,5.020000,5.340000,5.020000,5.140000,4.883475,1356900
2020-10-15,5.030000,5.250000,4.955000,5.250000,4.987986,859700
2020-10-16,5.210000,5.260000,5.015000,5.020000,4.769464,819000
2020-10-19,5.020000,5.070000,4.880000,4.930000,4.683955,1482700
2020-10-20,4.960000,5.080000,4.900000,4.990000,4.740962,846700
2020-10-21,4.950000,5.140000,4.920000,4.990000,4.740962,1244700
2020-10-22,5.050000,5.240000,4.970000,5.200000,4.940481,1352100
2020-10-23,5.220000,5.280000,4.980000,5.020000,4.769464,1352300
2020-10-26,4.900000,4.940000,4.630000,4.720000,4.484436,1714800
2020-10-27,4.680000,4.780000,4.595000,4.700000,4.465434,1002200
2020-10-28,4.560000,4.600000,4.350000,4.350000,4.132902,1621700
2020-10-29,4.300000,4.490000,4.165000,4.450000,4.227911,1551100
2020-10-30,4.420000,4.440000,4.255000,4.340000,4.123401,1233300
2020-11-02,4.400000,4.570000,4.251000,4.530000,4.303918,1386000
2020-11-03,4.660000,4.731000,4.435000,4.440000,4.218410,1231900
2020-11-04,4.400000,4.490000,4.130000,4.140000,3.933383,1679400
2020-11-05,4.180000,4.360000,4.090000,4.130000,3.923882,1692300
2020-11-06,4.380000,4.480000,4.105000,4.170000,3.961885,3365400
2020-11-09,4.700000,5.279000,4.700000,4.990000,4.740962,3973800
2020-11-10,5.120000,5.230000,4.900000,5.150000,4.892975,2883000
2020-11-11,5.230000,5.310000,5.065000,5.200000,4.940481,2176200
2020-11-12,5.050000,5.355000,5.030000,5.150000,4.892975,2069400
2020-11-13,5.210000,5.470000,5.160000,5.440000,5.168503,1325200
2020-11-16,5.720000,5.860000,5.605000,5.850000,5.558041,1856100
2020-11-17,5.730000,6.170000,5.660000,6.020000,5.719556,1832000
2020-11-18,6.110000,6.290000,5.770000,5.770000,5.482033,1941400
2020-11-19,5.750000,5.970000,5.700000,5.970000,5.672052,1253800
2020-11-20,5.900000,6.100000,5.860000,6.000000,5.700554,1681700
2020-11-23,6.130000,6.746000,6.120000,6.630000,6.299112,3363800
2020-11-24,7.040000,7.135000,6.785000,6.970000,6.622144,2301900
2020-11-25,6.840000,7.045000,6.810000,6.900000,6.555638,1685500
2020-11-27,6.800000,7.010000,6.800000,7.000000,6.650647,1244700
2020-11-30,6.730000,6.740000,6.250000,6.250000,5.938077,2143300
2020-12-01,6.460000,6.485000,6.200000,6.230000,5.919076,1944400
2020-12-02,6.110000,6.740000,6.070000,6.460000,6.137597,1852900
2020-12-03,6.560000,6.800000,6.500000,6.760000,6.422625,3524300
2020-12-04,6.940000,7.440000,6.940000,7.410000,7.040184,1904100
2020-12-07,7.370000,7.480000,7.150000,7.330000,6.964178,1963500
2020-12-08,7.310000,7.560000,7.300000,7.500000,7.125693,1221000
2020-12-09,7.620000,7.715000,7.410000,7.570000,7.192200,1542100
2020-12-10,7.500000,8.050000,7.500000,8.050000,7.648244,1418800
2020-12-11,8.000000,8.040000,7.520000,7.720000,7.334713,1588400
2020-12-14,7.910000,7.920000,7.500000,7.500000,7.125693,1205600
2020-12-15,7.620000,7.720000,7.470000,7.670000,7.287209,1223000
2020-12-16,7.840000,7.840000,7.550000,7.550000,7.173198,1531600
2020-12-17,7.620000,7.740000,7.400000,7.630000,7.249205,1478300
2020-12-18,7.650000,7.770000,7.435000,7.470000,7.097190,3134100
2020-12-21,7.040000,7.490000,7.010000,7.350000,6.983179,1430600
2020-12-22,7.270000,7.330000,7.030000,7.030000,6.679149,1113800
2020-12-23,7.170000,7.600000,7.070000,7.530000,7.154196,1049700
2020-12-24,7.510000,7.510000,7.290000,7.360000,6.992680,383500
2020-12-28,7.350000,7.470000,7.260000,7.310000,6.945175,1447800
2020-12-29,7.380000,7.450000,7.145000,7.150000,6.793160,900000
2020-12-30,7.170000,7.525000,7.170000,7.410000,7.040184,904000
2020-12-31,7.320000,7.390000,7.060000,7.060000,6.707653,1233500
2021-01-04,7.210000,7.310000,7.040000,7.260000,6.897671,1271800
2021-01-05,7.390000,8.015000,7.360000,7.950000,7.553235,4071200
2021-01-06,8.100000,8.370000,7.935000,8.360000,7.942772,1873000
2021-01-07,8.440000,8.610000,8.300000,8.500000,8.075785,1386000
2021-01-08,8.590000,8.600000,8.340000,8.460000,8.037783,1330000
2021-01-11,8.180000,8.720000,8.180000,8.720000,8.284806,1208200
2021-01-12,8.940000,9.180000,8.820000,8.960000,8.512828,7562100
2021-01-13,8.990000,8.990000,8.535000,8.690000,8.256303,2699400
2021-01-14,8.740000,9.090000,8.700000,8.960000,8.512828,3793400
2021-01-15,8.730000,9.010000,8.640000,8.740000,8.303808,3787100
2021-01-19,9.000000,9.090000,8.820000,9.020000,8.569833,2900900
2021-01-20,9.110000,9.410000,8.990000,9.170000,8.712346,1498100
2021-01-21,9.180000,9.270000,8.785000,8.920000,8.474823,1907100
2021-01-22,8.610000,9.110000,8.440000,9.110000,8.655342,1082100
2021-01-25,8.970000,9.518000,8.760000,9.440000,8.968872,2701500
2021-01-26,9.620000,10.000000,9.120000,9.130000,8.674344,2126000
2021-01-27,8.910000,9.541000,8.820000,9.060000,8.607837,3003600
2021-01-28,9.210000,9.350000,8.770000,8.870000,8.427318,3224000
2021-01-29,8.760000,9.080000,8.400000,8.470000,8.047282,2188300
2021-02-01,8.640000,8.930000,8.510000,8.840000,8.398818,1351100
2021-02-02,9.050000,9.200000,8.840000,8.900000,8.455822,1807500
2021-02-03,9.000000,9.520000,9.000000,9.470000,8.997375,1580200
2021-02-04,9.570000,9.795000,9.320000,9.660000,9.177892,2667600
2021-02-05,9.850000,9.850000,9.410000,9.510000,9.035379,1810700
2021-02-08,9.640000,9.990000,9.630000,9.900000,9.405915,1760800
2021-02-09,9.770000,9.955000,9.540000,9.790000,9.301405,1895000
2021-02-10,9.890000,10.000000,9.650000,9.890000,9.396415,1590100
2021-02-11,9.960000,10.000000,9.540000,9.680000,9.196894,1509900
2021-02-12,9.570000,10.000000,9.570000,9.930000,9.434420,2295100
2021-02-16,10.000000,10.430000,10.000000,10.200000,9.690942,1967500
2021-02-17,10.240000,10.350000,9.935000,10.310000,9.795453,1965300
2021-02-18,10.260000,10.370000,9.820000,9.860000,9.367909,1457200
2021-02-19,9.930000,10.200000,9.930000,10.110000,9.605433,1218800
2021-02-22,10.200000,10.670000,10.180000,10.290000,9.776450,1853700
2021-02-23,10.610000,11.690000,9.920000,11.640000,11.059077,3229000
2021-02-24,11.970000,12.950000,11.710000,12.720000,12.085177,3092400
2021-02-25,12.790000,12.880000,12.070000,12.190000,11.581626,3541800
2021-02-26,12.040000,12.400000,11.730000,12.060000,11.458115,2351800
2021-03-01,12.500000,12.860000,11.890000,12.060000,11.458115,2063200
2021-03-02,12.080000,12.300000,11.840000,11.850000,11.258595,1592600
2021-03-03,10.820000,12.090000,10.750000,11.680000,11.097078,17943400
2021-03-04,11.720000,12.620000,11.650000,11.970000,11.372608,6154300
2021-03-05,12.420000,12.890000,11.875000,12.840000,12.199187,4662200
2021-03-08,13.150000,13.240000,12.450000,12.800000,12.161181,1976100
2021-03-09,12.810000,13.100000,12.500000,12.780000,12.142180,2852400
2021-03-10,12.710000,12.980000,12.280000,12.650000,12.018668,2314300
2021-03-11,12.960000,13.295000,12.880000,13.120000,12.465212,1929200
2021-03-12,13.250000,13.350000,12.585000,12.720000,12.085177,1371500
2021-03-15,12.570000,12.740000,12.331000,12.630000,11.999667,1252800
2021-03-16,12.340000,12.500000,11.820000,12.130000,11.524622,2161400
2021-03-17,12.030000,12.290000,11.630000,11.860000,11.268095,2449800
2021-03-18,11.780000,11.840000,10.860000,10.950000,10.403512,2659700
2021-03-19,11.000000,11.725000,10.830000,11.690000,11.106581,4149500
2021-03-22,11.610000,11.670000,11.210000,11.470000,10.897561,1893000
2021-03-23,11.000000,11.160000,10.430000,10.740000,10.203993,3346200
2021-03-24,11.070000,11.330000,10.740000,10.820000,10.279999,1860000
2021-03-25,10.510000,11.330000,10.450000,11.330000,10.764545,2107200
2021-03-26,11.660000,11.935000,11.360000,11.920000,11.325104,2253000
2021-03-29,11.760000,11.820000,11.290000,11.520000,10.945065,2110200
2021-03-30,11.390000,11.655000,11.300000,11.620000,11.040074,1571800
2021-03-31,11.600000,11.845000,11.480000,11.480000,10.907060,2137300
2021-04-01,11.640000,12.195000,11.490000,12.190000,11.581626,1560400
2021-04-05,12.120000,12.200000,11.520000,11.680000,11.097078,1407000
2021-04-06,11.860000,12.260000,11.530000,11.740000,11.154084,1752600
2021-04-07,11.780000,11.980000,11.640000,11.970000,11.372608,1406200
2021-04-08,11.830000,11.960000,11.465000,11.720000,11.135083,1943100
2021-04-09,11.710000,11.890000,11.560000,11.650000,11.068575,856100
2021-04-12,11.830000,12.010000,11.260000,11.280000,10.717041,1339100
2021-04-13,11.270000,11.300000,10.885000,10.890000,10.346507,1619800
2021-04-14,11.030000,11.980000,11.030000,11.710000,11.125583,1951200
2021-04-15,11.700000,11.740000,11.310000,11.520000,10.945065,1041300
2021-04-16,11.580000,11.580000,11.108000,11.110000,10.555527,684100
2021-04-19,11.050000,11.310000,10.880000,11.070000,10.517523,1270200
2021-04-20,10.990000,11.040000,10.430000,10.660000,10.127986,1346500
2021-04-21,10.320000,10.910000,10.290000,10.810000,10.270499,1082500
2021-04-22,10.940000,10.940000,10.630000,10.750000,10.213491,1343500
2021-04-23,10.760000,11.020000,10.684000,10.760000,10.222994,1032800
2021-04-26,10.730000,11.060000,10.670000,10.990000,10.441516,1069400
2021-04-27,11.000000,11.130000,10.740000,11.010000,10.460517,907100
2021-04-28,11.070000,11.725000,11.030000,11.620000,11.040074,1479000
2021-04-29,11.850000,11.950000,11.580000,11.700000,11.116081,1247800
2021-04-30,11.420000,11.800000,11.230000,11.260000,10.698041,959500
2021-05-03,11.520000,11.545000,11.260000,11.420000,10.850057,2062100
2021-05-04,11.440000,11.560000,10.905000,11.410000,10.840554,1202700
2021-05-05,11.550000,12.470000,11.430000,12.060000,11.458115,2183200
2021-05-06,12.130000,12.130000,11.740000,12.000000,11.401108,1140000
2021-05-07,11.780000,12.350000,11.640000,12.320000,11.705138,1463800
2021-05-10,12.460000,12.820000,12.210000,12.210000,11.600628,1339100
2021-05-11,11.780000,12.340000,11.540000,11.970000,11.372608,1403200
2021-05-12,12.120000,12.460000,11.900000,11.980000,11.382106,1195000
2021-05-13,11.790000,12.340000,11.380000,11.630000,11.049575,1670700
2021-05-14,11.850000,12.535000,11.850000,12.410000,11.790646,1077800
2021-05-17,12.330000,12.850000,12.330000,12.840000,12.199187,1105200
2021-05-18,12.800000,12.890000,12.190000,12.200000,11.591128,1481800
2021-05-19,11.770000,12.125000,11.660000,11.880000,11.287097,1637500
2021-05-20,11.900000,12.000000,11.630000,11.940000,11.344104,1048400
2021-05-21,12.050000,12.140000,11.810000,11.810000,11.220592,1020600
2021-05-24,12.020000,12.220000,11.640000,12.150000,11.543624,1339100
2021-05-25,12.030000,12.170000,11.690000,11.720000,11.135083,1131300
2021-05-26,11.680000,12.240000,11.590000,12.180000,11.572126,1334100
2021-05-27,12.540000,12.600000,12.350000,12.550000,11.923659,1396300
2021-05-28,12.550000,12.995000,12.435000,12.920000,12.275194,2867800
2021-06-01,13.200000,13.801000,13.160000,13.760000,13.073272,3223900
2021-06-02,14.000000,14.500000,13.600000,14.390000,13.671830,3346600
2021-06-03,14.250000,14.430000,14.120000,14.240000,13.529316,1389500
2021-06-04,14.440000,14.470000,13.950000,14.170000,13.462811,1290400
2021-06-07,14.340000,14.590000,14.310000,14.450000,13.728835,1981500
2021-06-08,14.350000,14.955000,14.010000,14.830000,14.089870,1765600
2021-06-09,14.940000,14.950000,14.520000,14.590000,13.861849,1142300
2021-06-10,14.840000,14.840000,14.360000,14.760000,14.023365,978300
2021-06-11,14.990000,15.140000,14.890000,15.140000,14.384399,1341800
2021-06-14,15.320000,15.509000,15.020000,15.180000,14.422402,1765100
2021-06-15,15.275000,16.010000,15.180000,15.980000,15.182476,2293600
2021-06-16,15.920000,16.150000,15.630000,15.830000,15.039963,1623700
2021-06-17,15.800000,16.030001,14.650000,14.910000,14.165878,3593900
2021-06-18,13.580000,14.350000,13.530000,14.150000,13.443808,5643400
2021-06-21,14.310000,14.755000,14.180000,14.700000,13.966358,2920400
2021-06-22,14.620000,15.030000,14.430000,14.960000,14.213383,1934900
2021-06-23,15.140000,15.640000,15.015000,15.380000,14.612421,2265300
2021-06-24,15.400000,15.680000,15.245000,15.660000,14.878447,1792800
2021-06-25,15.830000,16.209999,15.650000,16.209999,15.400999,4834000
2021-06-28,16.170000,16.209999,15.010000,15.340000,14.574418,2266600
2021-06-29,15.560000,15.750000,15.190000,15.290000,14.526914,1440000
2021-06-30,15.490000,15.820000,15.380000,15.630000,14.849942,1998100
2021-07-01,16.230000,16.379999,15.990000,16.080000,15.277485,2733900
2021-07-02,16.070000,16.360001,15.930000,15.960000,15.163474,1169900
2021-07-06,15.880000,15.889000,15.005000,15.190000,14.431904,1644900
2021-07-07,15.240000,15.570000,14.790000,15.050000,14.298891,1741300
2021-07-08,14.720000,15.210000,14.600000,15.000000,14.251386,1491100
2021-07-09,15.180000,15.620000,14.920000,15.500000,14.726432,1308000
2021-07-12,15.230000,15.810000,15.060000,15.770000,14.982957,961400
2021-07-13,15.690000,15.750000,15.460000,15.500000,14.726432,826500
2021-07-14,15.700000,15.880000,14.610000,14.750000,14.013864,2984100
2021-07-15,14.440000,14.850000,14.190000,14.390000,13.671830,2219000
2021-07-16,14.540000,14.555000,13.740000,13.780000,13.092272,1931100
2021-07-19,13.140000,13.510000,12.790000,13.070000,12.417707,3395000
2021-07-20,13.060000,13.720000,12.900000,13.670000,12.987763,1621700
2021-07-21,14.025000,14.320000,13.945000,14.040000,13.339298,1251300
2021-07-22,14.120000,14.150000,13.610000,13.900000,13.206284,1500900
2021-07-23,14.000000,14.000000,13.600000,13.700000,13.016266,948300
2021-07-26,13.810000,14.375000,13.810000,14.310000,13.595823,1243000
2021-07-27,14.110000,14.165000,13.600000,13.900000,13.206284,1245900
2021-07-28,14.040000,14.340000,13.790000,14.250000,13.538816,1363000
2021-07-29,14.580000,14.580000,14.040000,14.140000,13.434307,703500
2021-07-30,14.050000,14.050000,13.710000,14.000000,13.301293,1208900
2021-08-02,14.090000,14.540000,13.670000,13.890000,13.196783,2387400
2021-08-03,14.210000,14.320000,13.420000,14.090000,13.386803,1856600
2021-08-04,13.800000,14.050000,13.220000,13.340000,12.674233,2820100
2021-08-05,13.570000,14.570000,13.530000,14.230000,13.519814,1532000
2021-08-06,14.760000,15.070000,14.420000,14.480000,13.757339,1216800
2021-08-09,14.020000,14.120000,13.720000,13.890000,13.196783,1037500
2021-08-10,14.080000,14.570000,13.900000,14.420000,13.700333,1693900
2021-08-11,14.270000,14.820000,13.950000,14.810000,14.149366,1242300
2021-08-12,14.740000,15.070000,14.640000,15.000000,14.330891,941200
2021-08-13,14.960000,14.970000,14.390000,14.410000,13.767209,1084800
2021-08-16,14.070000,14.220000,13.870000,13.960000,13.337283,822300
2021-08-17,13.830000,14.240000,13.700000,13.900000,13.279959,715900
2021-08-18,13.900000,14.210000,13.370000,13.370000,12.773601,1415000
2021-08-19,13.050000,13.430000,12.805000,13.080000,12.496536,1957000
2021-08-20,12.920000,13.270000,12.790000,13.200000,12.611183,1160700
2021-08-23,13.740000,14.005000,13.660000,13.960000,13.337283,766800
2021-08-24,14.150000,14.370000,14.050000,14.330000,13.690778,1045200
2021-08-25,14.290000,14.740000,14.160000,14.510000,13.862748,864000
2021-08-26,14.450000,14.560000,14.160000,14.440000,13.795871,1342100
2021-08-27,14.720000,15.240000,14.690000,15.090000,14.416876,1009600
2021-08-30,15.620000,15.740000,15.165000,15.430000,14.741710,1297200
2021-08-31,15.260000,15.820000,15.150000,15.680000,14.980557,1991700
2021-09-01,15.730000,15.790000,15.360000,15.550000,14.856356,1234700
2021-09-02,15.780000,16.559999,15.780000,16.360001,15.630226,1620200
2021-09-03,16.230000,16.660000,15.840000,15.900000,15.190744,1916500
2021-09-07,15.760000,15.975000,15.615000,15.710000,15.009219,1566400
2021-09-08,15.820000,15.995000,15.450000,15.920000,15.209854,1074500
2021-09-09,15.870000,16.459999,15.750000,16.090000,15.372269,1484600
2021-09-10,16.639999,16.680000,16.000000,16.020000,15.305393,1018500
2021-09-13,16.350000,16.610001,16.040001,16.330000,15.601563,1138400
2021-09-14,16.580000,16.580000,15.820000,15.890000,15.181190,982400
2021-09-15,16.309999,16.980000,16.110001,16.930000,16.174795,1627700
2021-09-16,16.840000,17.240000,16.506001,17.190001,16.423204,1313400
2021-09-17,17.190001,17.240000,16.670000,16.709999,15.964612,4233800
2021-09-20,16.080000,16.400000,15.710000,16.150000,15.429591,1694300
2021-09-21,16.500000,16.500000,15.950000,16.030001,15.314946,1268300
2021-09-22,16.379999,16.600000,16.219999,16.290001,15.563347,1351900
2021-09-23,16.299999,17.400000,16.180000,17.280001,16.509188,1763900
2021-09-24,16.535000,16.740000,16.020000,16.620001,15.878630,5707300
2021-09-27,17.080000,18.110001,16.910000,17.840000,17.044205,3922100
2021-09-28,18.200001,18.360001,17.670000,17.889999,17.091976,2569300
2021-09-29,18.000000,18.000000,17.280001,17.530001,16.748035,1831800
2021-09-30,17.680000,18.000000,17.170000,17.790001,16.996439,2586800
2021-10-01,17.790001,18.540001,17.790001,18.440001,17.617441,2415300
2021-10-04,18.799999,19.190001,18.600000,19.180000,18.324434,2382400
2021-10-05,19.430000,19.610001,18.250000,18.959999,18.114246,2712900
2021-10-06,18.570000,18.980000,18.385000,18.750000,17.913614,3040600
2021-10-07,19.030001,19.260000,18.730000,18.940001,18.095139,2916700
2021-10-08,19.280001,20.059999,19.165001,19.790001,18.907225,2955200
2021-10-11,20.360001,20.620001,19.889999,20.000000,19.107855,2238900
2021-10-12,19.889999,20.480000,19.660000,19.860001,18.974104,1939800
2021-10-13,19.600000,20.430000,19.430000,20.270000,19.365810,2978200
2021-10-14,20.680000,20.709999,20.180000,20.450001,19.537785,2189700
2021-10-15,21.100000,21.389999,20.260000,20.260000,19.356256,2608700
2021-10-18,20.620001,21.219999,20.415001,20.709999,19.786184,2010300
2021-10-19,20.840000,20.969999,20.430000,20.490000,19.575998,2037200
2021-10-20,20.200001,20.875000,19.860001,20.830000,19.900831,1922800
2021-10-21,20.820000,20.959999,20.400000,20.610001,19.690645,1358700
2021-10-22,20.760000,21.000000,20.490999,20.950001,20.015482,1861200
2021-10-25,21.240000,22.013000,21.240000,21.780001,20.808456,1772500
2021-10-26,21.840000,22.090000,21.600000,21.950001,20.970871,2231400
2021-10-27,21.600000,22.020000,21.225000,21.340000,20.388081,2291400
2021-10-28,21.309999,21.680000,21.065001,21.379999,20.426296,1899500
2021-10-29,21.280001,21.400000,20.530001,20.879999,19.948599,2114600
2021-11-01,21.150000,21.719999,21.049999,21.650000,20.684254,2345200
2021-11-02,21.549999,22.070000,20.459999,20.660000,19.738415,2409300
2021-11-03,20.230000,20.646000,20.100000,20.240000,19.337151,2103200
2021-11-04,20.930000,21.129999,20.299999,20.400000,19.490011,1922500
2021-11-05,20.770000,20.839001,20.219999,20.690001,19.767075,1228000
2021-11-08,20.900000,21.360001,20.700001,21.059999,20.120569,1659400
2021-11-09,20.980000,21.282000,20.370001,20.969999,20.034586,914500
2021-11-10,20.750000,20.850000,19.580000,20.049999,19.155626,1856400
2021-11-11,20.379999,20.590000,20.129999,20.139999,19.241608,1009600
2021-11-12,19.910000,20.400000,19.760000,20.270000,19.365810,1807200
2021-11-15,20.350000,20.510000,19.809999,20.500000,19.585550,1375800
2021-11-16,20.469999,20.549000,19.930000,20.309999,19.404026,986700
2021-11-17,19.980000,20.469999,19.459999,19.650000,18.773466,1710300
2021-11-18,19.930000,20.110001,19.340000,19.910000,19.021873,1493900
2021-11-19,19.110001,19.260000,18.459999,19.139999,18.286217,2345600
2021-11-22,19.030001,19.940001,19.030001,19.200001,18.343544,1395000
2021-11-23,19.559999,20.139999,19.350000,19.799999,18.916777,1556500
2021-11-24,19.549999,20.290001,19.549999,20.180000,19.279825,880100
2021-11-26,18.799999,19.070000,18.379999,18.820000,17.980494,1684500
2021-11-29,19.540001,19.870001,18.990000,19.350000,18.486853,1202900
2021-11-30,18.780001,19.420000,18.590000,18.969999,18.123800,2460000
2021-12-01,19.600000,19.660000,18.120001,18.139999,17.330824,1792900
2021-12-02,18.030001,18.790001,17.590000,18.580000,17.751198,1863100
2021-12-03,19.000000,19.180000,18.080000,18.350000,17.531458,1461000
2021-12-06,18.820000,19.870001,18.350000,19.580000,18.706591,2295900
2021-12-07,19.010000,21.400000,18.990000,20.670000,19.747967,4140400
2021-12-08,21.040001,21.260000,20.620001,21.020000,20.082359,1945900
2021-12-09,20.670000,20.938999,20.299999,20.320000,19.413578,1935600
2021-12-10,20.660000,20.770000,19.870001,20.440001,19.528229,2304100
2021-12-13,20.250000,20.340000,19.410000,19.650000,18.773466,1607400
2021-12-14,19.270000,19.680000,19.049999,19.190001,18.333986,2056600
2021-12-15,19.100000,19.309999,17.834000,19.100000,18.248001,2806700
2021-12-16,19.290001,19.730000,18.730000,18.790001,17.951832,2245600
2021-12-17,18.459999,18.700001,17.920000,18.510000,17.684319,4343600
2021-12-20,17.780001,18.059999,17.230000,17.870001,17.072868,2176600
2021-12-21,18.190001,18.670000,18.100000,18.660000,17.827627,1642700
2021-12-22,18.510000,19.129999,18.209999,18.860001,18.018709,976000
2021-12-23,18.889999,18.985001,18.680000,18.730000,17.894505,628000
2021-12-27,18.629999,19.670000,18.299999,19.660000,18.783020,873500
2021-12-28,19.680000,19.959999,19.170000,19.340000,18.477295,610700
2021-12-29,19.209999,19.535000,19.020000,19.400000,18.534620,743300
2021-12-30,19.580000,19.700001,18.875000,18.940001,18.095139,655100
2021-12-31,18.650000,18.990000,18.650000,18.870001,18.028261,595900
2022-01-03,19.040001,19.830000,18.820000,19.809999,18.926332,1021800
2022-01-04,19.830000,21.180000,19.830000,21.059999,20.120569,1149000
2022-01-05,20.530001,21.100000,19.900000,19.940001,19.050529,1419700
2022-01-06,20.809999,21.270000,20.080000,20.200001,19.298935,1932500
2022-01-07,20.340000,20.405001,19.840000,19.889999,19.002760,1100400
2022-01-10,19.650000,19.889999,19.260000,19.709999,18.830791,1160900
2022-01-11,20.020000,21.240000,19.629999,21.000000,20.063250,1675700
2022-01-12,21.260000,21.500000,20.860001,21.120001,20.177898,1026100
2022-01-13,20.950001,21.480000,20.770000,21.059999,20.120569,1447800
2022-01-14,21.150000,22.250000,21.150000,22.230000,21.238380,1939000
2022-01-18,22.510000,22.840000,21.250000,21.350000,20.397633,2368500
2022-01-19,21.620001,21.799999,20.771000,21.450001,20.493172,1430600
2022-01-20,21.020000,21.670000,20.420000,20.480000,19.566444,1211100
2022-01-21,20.260000,20.530001,19.660000,19.850000,18.964548,1507600
2022-01-24,19.260000,20.709999,19.000000,20.570000,19.652426,1726900
2022-01-25,20.420000,21.910000,19.840000,21.709999,20.741577,1403000
2022-01-26,22.250000,22.730000,21.309999,21.680000,20.712917,1755400
2022-01-27,22.280001,22.660000,21.230000,21.799999,20.827560,978300
2022-01-28,21.820000,22.020000,20.895000,21.719999,20.751129,1370100
2022-01-31,21.760000,22.160000,21.010000,21.629999,20.665144,1435300
2022-02-01,21.389999,22.690001,21.209999,22.600000,21.591877,1417900
2022-02-02,22.750000,23.160000,21.879999,22.480000,21.477228,1036300
2022-02-03,22.150000,23.020000,21.910000,22.820000,21.802063,1467100
2022-02-04,22.530001,23.340000,21.780001,21.900000,20.923101,4180400
2022-02-07,21.670000,22.280001,21.280001,21.940001,20.961317,1880000
2022-02-08,21.309999,21.760000,20.450001,20.629999,19.709751,2656600
2022-02-09,20.570000,21.555000,20.520000,21.510000,20.550501,2632200
2022-02-10,21.340000,22.209999,20.809999,20.990000,20.053694,1674200
2022-02-11,21.129999,21.719999,20.950001,21.530001,20.767485,1070600
2022-02-14,21.469999,21.469999,20.600000,20.840000,20.101925,1625200
2022-02-15,20.049999,20.430000,19.840000,20.110001,19.397776,1572400
2022-02-16,20.480000,21.105000,20.139999,20.299999,19.581049,1265200
2022-02-17,20.309999,21.559999,20.250000,20.709999,19.976524,1786800
2022-02-18,20.230000,20.879999,20.150000,20.520000,19.793257,1264600
2022-02-22,21.209999,21.410000,19.900000,20.170000,19.455652,1941600
2022-02-23,20.559999,21.150000,20.280001,20.450001,19.725735,1955000
2022-02-24,21.240000,21.400000,20.180000,20.830000,20.092276,2833700
2022-02-25,20.950001,20.969999,20.309999,20.959999,20.217670,1248300
2022-02-28,21.030001,22.389999,20.995001,22.350000,21.558447,2253100
2022-03-01,22.750000,23.400000,22.170000,22.540001,21.741716,2290300
2022-03-02,23.020000,23.260000,22.299999,22.889999,22.079321,1670700
2022-03-03,22.670000,22.920000,22.059999,22.680000,21.876755,1213900
2022-03-04,22.730000,23.900000,22.680000,23.799999,22.957090,1914100
2022-03-07,24.090000,25.030001,23.209999,23.850000,23.005318,2635000
2022-03-08,24.680000,25.209999,23.170000,23.580000,22.744883,2377600
2022-03-09,22.549999,23.299999,22.018000,23.190001,22.368696,2904000
2022-03-10,21.950001,23.219999,21.900000,23.000000,22.185425,10894500
2022-03-11,22.590000,22.930000,22.004999,22.480000,21.683840,2634100
2022-03-14,22.170000,22.170000,20.950001,21.620001,20.854300,3331700
2022-03-15,20.809999,22.075001,20.500000,21.559999,20.796423,3048800
2022-03-16,21.629999,21.879999,21.200001,21.760000,20.989342,2033100
2022-03-17,22.490000,23.400000,22.400000,23.270000,22.445858,1848100
2022-03-18,23.500000,23.590000,22.910000,23.209999,22.387987,4257200
2022-03-21,23.830000,24.650000,23.780001,24.070000,23.217529,2147800
2022-03-22,24.040001,24.229000,23.219999,23.980000,23.130714,1647700
2022-03-23,24.500000,24.910000,24.299999,24.410000,23.545488,1346500
2022-03-24,24.500000,24.545000,24.110001,24.400000,23.535843,1162600
2022-03-25,24.170000,25.459999,24.170000,25.440001,24.539009,1600700
2022-03-28,24.840000,24.959999,24.280001,24.620001,23.748049,1626000
2022-03-29,23.934999,24.879999,23.650000,24.760000,23.883091,1339600
2022-03-30,25.100000,25.600000,24.450001,24.570000,23.699821,1855800
2022-03-31,24.129999,24.850000,23.530001,23.650000,22.812401,1966900
2022-04-01,23.590000,24.250000,23.469999,23.860001,23.014967,1605200
2022-04-04,24.360001,24.545000,23.870001,24.180000,23.323631,2003800
2022-04-05,24.530001,24.700001,23.860001,24.030001,23.178944,1676400
2022-04-06,24.330000,24.490000,23.290001,23.520000,22.687008,1510200
2022-04-07,23.969999,24.450001,23.559999,24.330000,23.468319,1262300
2022-04-08,24.430000,25.820000,24.430000,25.570000,24.664404,1828500
2022-04-11,25.340000,25.480000,24.410000,25.120001,24.230343,1843200
2022-04-12,25.670000,26.610001,25.430000,25.549999,24.645111,1689600
2022-04-13,26.000000,26.280001,25.500000,26.030001,25.108114,1493000
2022-04-14,25.990000,26.510000,25.910000,26.240000,25.310675,1542200
2022-04-18,26.540001,26.830000,26.135000,26.370001,25.436071,1739800
2022-04-19,26.260000,26.605000,25.820000,25.969999,25.050238,1394100
2022-04-20,26.400000,26.545000,25.830000,26.320000,25.387840,931400
2022-04-21,26.570000,26.700001,24.670000,24.900000,24.018131,1288700
2022-04-22,24.629999,25.129999,23.730000,24.010000,23.159653,1625900
2022-04-25,23.200001,23.690001,22.070000,23.420000,22.590548,2536500
2022-04-26,23.340000,23.940001,22.934999,22.950001,22.137196,1225100
2022-04-27,23.170000,23.430000,22.760000,23.049999,22.233650,1225900
2022-04-28,23.309999,24.379999,22.540001,24.030001,23.178944,1337400
2022-04-29,24.000000,24.370001,23.020000,23.240000,22.416925,1304500
2022-05-02,22.830000,23.330000,22.320000,23.139999,22.320465,1470000
2022-05-03,23.219999,24.480000,23.160000,24.350000,23.487614,1547100
2022-05-04,25.000000,25.555000,24.090000,25.459999,24.558298,1084300
2022-05-05,25.629999,25.860001,24.180000,24.889999,24.008488,1212600
2022-05-06,25.309999,25.700001,24.400000,25.670000,24.760860,1684600
2022-05-09,25.049999,25.180000,22.750000,22.990000,22.175777,2472500
2022-05-10,23.160000,23.430000,21.809999,22.270000,21.481277,3454200
2022-05-11,22.969999,23.770000,22.370001,22.500000,21.703135,2271000
2022-05-12,22.440001,22.700001,21.451000,22.610001,21.809238,1916100
2022-05-13,23.160000,24.100000,23.049999,23.730000,22.889568,1679400
2022-05-16,23.730000,24.520000,23.730000,23.900000,23.053547,1414300
2022-05-17,24.270000,24.860001,24.070000,24.600000,23.728758,1335000
2022-05-18,24.650000,24.820000,23.200001,23.770000,22.928156,1967700
2022-05-19,23.150000,24.590000,23.000000,24.049999,23.198233,1660200
2022-05-20,24.330000,24.760000,23.775000,24.520000,23.651594,1197700
2022-05-23,24.700001,25.639999,24.305000,25.629999,24.722279,1531300
2022-05-24,25.480000,25.850000,24.790001,25.510000,24.606527,876000
2022-05-25,25.650000,26.610001,25.530001,26.500000,25.561466,1096900
2022-05-26,26.750000,27.500000,26.719999,26.940001,25.985884,1342300
2022-05-27,26.940001,28.280001,26.719999,28.209999,27.210899,1700700
2022-05-31,28.809999,29.150000,27.247999,27.610001,26.632153,2077800
2022-06-01,28.110001,28.525000,27.490000,28.340000,27.336300,1409700
2022-06-02,26.590000,27.450001,26.030001,27.379999,26.410297,7006300
2022-06-03,27.530001,28.100000,27.350000,28.000000,27.008343,2398300
2022-06-06,28.459999,28.480000,27.950001,28.280001,27.278427,1877900
2022-06-07,27.940001,29.730000,27.870001,29.730000,28.677071,1987300
2022-06-08,30.030001,30.309999,29.180000,29.400000,28.358759,2895100
2022-06-09,29.200001,29.570000,28.920000,29.190001,28.156195,1422600
2022-06-10,28.870001,29.160000,28.260000,28.799999,27.780006,1769000
2022-06-13,27.660000,27.930000,26.559999,27.209999,26.246319,2236500
2022-06-14,27.780001,28.135000,26.629999,27.290001,26.323488,1977800
2022-06-15,27.260000,27.660000,26.330000,27.049999,26.091988,2359900
2022-06-16,26.000000,26.480000,25.330000,25.360001,24.461840,4128500
2022-06-17,25.330000,25.660000,22.889999,23.770000,22.928156,13612800
2022-06-21,24.480000,24.790001,24.250000,24.700001,23.825216,2858600
2022-06-22,23.139999,24.170000,23.090000,23.170000,22.349401,4397400
2022-06-23,23.430000,23.510000,21.469999,21.860001,21.085796,2970000
2022-06-24,22.049999,22.620001,21.059999,21.209999,20.458817,7634700
2022-06-27,21.620001,22.309999,21.459999,21.799999,21.027924,3407500
2022-06-28,22.510000,22.920000,21.940001,22.770000,21.963568,2402100
2022-06-29,23.090000,23.309000,21.910000,22.110001,21.326944,3533700
2022-06-30,21.610001,22.180000,20.760000,20.990000,20.246611,3605500
2022-07-01,21.270000,21.469999,20.309999,21.049999,20.304485,2815100
2022-07-05,20.510000,20.600000,18.920000,19.200001,18.520006,4100900
2022-07-06,18.820000,19.360001,18.010000,19.170000,18.491068,3271500
2022-07-07,19.879999,20.610001,19.780001,20.379999,19.658216,1686300
2022-07-08,20.500000,20.855000,19.980000,20.200001,19.484591,1238800
2022-07-11,19.870001,20.030001,19.334999,19.950001,19.243444,1589300
2022-07-12,19.070000,19.620001,18.799999,19.410000,18.722569,1652200
2022-07-13,19.090000,20.020000,18.915001,19.620001,18.925133,1316700
2022-07-14,18.879999,19.385000,18.459999,19.360001,18.674341,1950500
2022-07-15,19.990000,20.000000,19.466000,19.830000,19.127691,1587700
2022-07-18,20.330000,20.860001,20.330000,20.530001,19.802902,1159900
2022-07-19,20.660000,21.839001,20.559999,21.740000,20.970047,1197800
2022-07-20,21.650000,22.334999,21.450001,22.320000,21.529507,969600
2022-07-21,21.549999,21.660000,20.840000,21.490000,20.728901,1350500
2022-07-22,21.500000,21.847000,20.799999,20.889999,20.150152,1062500
2022-07-25,21.299999,22.490000,21.080000,22.490000,21.693487,1221100
2022-07-26,22.809999,22.990000,21.980000,22.299999,21.510216,1463500
2022-07-27,22.420000,23.580000,22.350000,23.340000,22.513382,1358000
2022-07-28,23.629999,23.860001,22.799999,23.350000,22.523029,1041100
2022-07-29,23.950001,24.290001,23.670000,24.129999,23.275402,1347700
2022-08-01,23.570000,23.959999,22.959999,23.700001,22.860634,1286400
2022-08-02,23.700001,24.360001,23.209999,24.020000,23.169300,2040600
2022-08-03,24.129999,24.590000,22.540001,23.049999,22.233650,2353700
2022-08-04,23.049999,23.049999,21.740000,21.799999,21.027924,1849100
2022-08-05,21.420000,22.530001,21.240000,22.170000,21.384819,1224500
2022-08-08,21.969999,22.440001,21.889999,22.180000,21.394466,1191800
2022-08-09,22.639999,22.900000,21.910000,22.170000,21.384819,1258800
2022-08-10,22.160000,22.760000,21.570000,22.680000,21.876755,1093000
2022-08-11,23.280001,23.740000,22.924999,23.379999,22.651840,1141600
2022-08-12,23.299999,23.700001,22.959999,23.650000,22.913431,1048100
2022-08-15,22.690001,23.020000,22.080000,22.920000,22.206167,1270900
2022-08-16,23.139999,23.580000,22.250000,22.490000,21.789562,1176000
2022-08-17,22.510000,23.070000,22.320000,22.910000,22.196478,1446100
2022-08-18,23.250000,24.340000,23.170000,24.280001,23.523811,1108500
2022-08-19,24.139999,24.280001,23.570000,23.770000,23.029697,1329400
2022-08-22,23.700001,23.820000,22.620001,23.639999,22.903742,1078200
2022-08-23,24.170000,24.990000,24.120001,24.400000,23.640076,1087500
2022-08-24,24.629999,25.021000,24.230000,24.930000,24.153566,1219100
2022-08-25,25.010000,25.230000,24.500000,24.820000,24.046991,1274600
2022-08-26,24.820000,25.139999,24.405001,24.709999,23.940418,668600
2022-08-29,24.559999,25.780001,24.480000,25.340000,24.550798,1535000
2022-08-30,24.780001,24.920000,23.379999,23.820000,23.078138,1466900
2022-08-31,23.120001,24.424999,22.865000,23.870001,23.126583,1539100
2022-09-01,23.270000,23.350000,22.420000,22.520000,21.818628,1634900
2022-09-02,23.090000,23.559999,23.000000,23.180000,22.458071,1281900
2022-09-06,23.540001,23.570000,22.680000,22.690001,21.983332,2224900
2022-09-07,22.110001,22.360001,21.690001,22.049999,21.363262,2104300
2022-09-08,22.139999,22.525000,21.990000,22.350000,21.653923,1470200
2022-09-09,22.950001,23.450001,22.855000,23.180000,22.458071,1274400
2022-09-12,23.610001,23.850000,23.200001,23.620001,22.884367,991500
2022-09-13,23.209999,23.790001,22.844999,22.930000,22.215858,1139400
2022-09-14,23.309999,24.450001,23.180000,24.170000,23.417238,1516300
2022-09-15,23.389999,23.670000,22.730000,22.950001,22.235235,1793400
2022-09-16,23.010000,23.010000,21.959999,22.700001,21.993019,3207900
2022-09-19,21.830000,22.750000,21.740000,22.459999,21.760494,994000
2022-09-20,22.570000,22.570000,21.860001,22.520000,21.818628,1339200
2022-09-21,23.030001,23.205000,21.549999,21.549999,20.878836,3243100
2022-09-22,21.910000,22.240999,21.100000,21.100000,20.442852,1340000
2022-09-23,20.000000,20.070000,18.790001,18.969999,18.379190,4286700
2022-09-26,18.870001,19.120001,18.170000,18.309999,17.739744,2031800
2022-09-27,18.559999,19.150000,18.183001,18.709999,18.127287,1718200
2022-09-28,18.840000,19.809999,18.590000,19.620001,19.008947,2061700
2022-09-29,19.370001,19.879999,18.969999,19.690001,19.076765,1341900
2022-09-30,19.559999,20.219999,19.309999,19.809999,19.193027,1868400
2022-10-03,20.799999,21.629999,20.715000,21.530001,20.859459,2289600
2022-10-04,22.180000,22.570000,21.750000,22.309999,21.615166,2071700
2022-10-05,22.160000,23.070000,21.950001,22.820000,22.109282,2127500
2022-10-06,22.600000,23.700001,22.490000,23.590000,22.855303,1481900
2022-10-07,23.610001,24.000000,22.930000,23.000000,22.283678,1466600
2022-10-10,23.059999,23.490000,22.459999,22.559999,21.857378,943900
2022-10-11,21.940001,22.389999,21.490999,21.770000,21.091984,1183400
2022-10-12,21.600000,22.740000,21.169001,22.680000,21.973640,2578900
2022-10-13,22.280001,23.490000,22.030001,23.209999,22.487137,1445800
2022-10-14,22.790001,23.260000,21.930000,21.980000,21.295443,1044100
2022-10-17,22.500000,22.990000,22.280001,22.590000,21.886446,780500
2022-10-18,22.730000,23.170000,22.490000,23.010000,22.293365,1399700
2022-10-19,22.980000,23.940001,22.799999,23.879999,23.136269,1369400
2022-10-20,24.260000,24.570000,23.584999,23.690001,22.952188,1339400
2022-10-21,23.910000,24.920000,23.770000,24.900000,24.124500,1318300
2022-10-24,24.799999,25.370001,24.490000,25.160000,24.376402,1631900
2022-10-25,25.139999,25.360001,24.850000,25.200001,24.415161,1051400
2022-10-26,25.389999,26.150000,25.360001,25.930000,25.122425,1327500
2022-10-27,26.309999,26.469999,25.080000,25.129999,24.347336,1102500
2022-10-28,25.360001,25.719999,24.270000,24.910000,24.134192,1443600
2022-10-31,24.719999,26.065001,24.549999,25.680000,24.880213,2158300
2022-11-01,25.900000,26.209999,25.309999,25.559999,24.763945,2951300
2022-11-02,26.000000,27.000000,24.879999,24.990000,24.211699,3701400
2022-11-03,25.110001,25.690001,24.700001,25.389999,24.599239,2102300
2022-11-04,25.530001,26.340000,25.173000,26.299999,25.581652,7937700
2022-11-07,26.660000,27.530001,26.389999,27.500000,26.748877,2474200
2022-11-08,27.570000,27.570000,26.530001,27.230000,26.486252,1373000
2022-11-09,26.549999,26.620001,25.209999,25.230000,24.540878,1981100
2022-11-10,25.969999,26.059999,25.290001,26.040001,25.328756,1659700
2022-11-11,26.420000,27.180000,26.370001,27.080000,26.340349,1444400
2022-11-14,26.730000,27.549999,26.639999,26.639999,25.912369,2174800
2022-11-15,26.980000,27.459999,26.489000,27.440001,26.690517,1660800
2022-11-16,27.020000,27.049999,26.230000,26.340000,25.620562,1168200
2022-11-17,26.100000,26.129999,25.330000,26.090000,25.377390,1494600
2022-11-18,25.570000,26.309999,24.320000,26.309999,25.591381,1669400
2022-11-21,25.540001,25.709999,24.440001,25.590000,24.891047,1722100
2022-11-22,26.000000,26.719999,25.750000,26.709999,25.980455,1629200
2022-11-23,26.290001,26.549999,25.760000,25.900000,25.192579,1483900
2022-11-25,26.190001,26.370001,25.830000,25.889999,25.182854,555300
2022-11-28,24.879999,25.280001,24.570000,24.990000,24.307434,1172000
2022-11-29,25.469999,25.730000,25.139999,25.330000,24.638149,1357500
2022-11-30,25.840000,26.100000,25.400000,26.080000,25.367662,1787600
2022-12-01,26.500000,26.785000,25.480000,25.629999,24.929955,2033800
2022-12-02,25.430000,25.910000,25.430000,25.770000,25.066130,1034400
2022-12-05,26.320000,26.370001,24.014999,24.250000,23.587645,1369300
2022-12-06,24.129999,24.559999,23.209999,23.570000,22.926222,1173100
2022-12-07,23.670000,23.959999,23.030001,23.280001,22.644142,852800
2022-12-08,23.889999,24.230000,22.340000,22.480000,21.865992,1646200
2022-12-09,22.490000,22.840000,22.129999,22.150000,21.545008,1181100
2022-12-12,22.350000,22.950001,22.200001,22.750000,22.128618,1986400
2022-12-13,23.190001,23.690001,22.980000,23.219999,22.585777,1566400
2022-12-14,23.370001,23.709999,22.969999,23.209999,22.576054,1563200
2022-12-15,22.980000,23.370001,22.650000,23.370001,22.731684,1505300
2022-12-16,22.639999,23.120001,22.360001,22.910000,22.284246,2802000
2022-12-19,23.160000,23.365000,22.480000,22.570000,21.953531,1129400
2022-12-20,22.469999,22.889999,22.370001,22.709999,22.089708,891500
2022-12-21,23.270000,23.459999,22.840000,23.400000,22.760862,1044700
2022-12-22,23.389999,23.389999,22.510000,23.010000,22.381516,1500800
2022-12-23,23.400000,24.100000,23.280001,24.070000,23.412563,722400
2022-12-27,24.340000,24.340000,23.840000,23.950001,23.295841,745600
2022-12-28,23.740000,23.780001,22.870001,22.940001,22.313427,1125300
2022-12-29,22.760000,23.459999,22.700001,23.340000,22.702501,823800
2022-12-30,23.129999,23.469999,23.000000,23.450001,22.809498,740000
2023-01-03,23.240000,23.250000,21.785000,22.180000,21.574186,1731000
2023-01-04,21.750000,22.715000,21.520000,22.379999,21.768723,1256400
2023-01-05,22.080000,22.200001,21.150000,22.020000,21.418556,2486200
2023-01-06,22.440001,22.680000,22.000000,22.230000,21.622818,1407700
2023-01-09,22.840000,23.200001,22.410000,22.629999,22.011894,1376000
2023-01-10,22.709999,22.879999,21.990000,22.459999,21.846539,1633200
2023-01-11,22.670000,22.920000,22.299999,22.920000,22.293974,1093700
2023-01-12,23.080000,23.930000,22.809999,23.750000,23.101303,1507600
2023-01-13,23.620001,23.850000,23.250000,23.799999,23.149939,1324000
2023-01-17,24.049999,24.290001,23.500000,23.639999,22.994307,1140700
2023-01-18,23.790001,24.270000,23.010000,23.030001,22.400972,1004300
2023-01-19,22.990000,23.660000,22.740000,23.540001,22.897039,1369200
2023-01-20,23.780001,23.889999,23.370001,23.820000,23.169392,993800
2023-01-23,23.969999,24.200001,23.709999,24.049999,23.393106,878200
2023-01-24,23.740000,24.040001,23.280001,23.299999,22.663593,1507700
2023-01-25,23.150000,23.340000,22.660000,23.110001,22.478785,4858700
2023-01-26,23.440001,23.895000,22.700001,23.809999,23.159666,4977700
2023-01-27,23.770000,23.980000,23.549999,23.570000,22.926222,1321700
2023-01-30,23.250000,23.420000,22.900000,22.940001,22.313427,1941200
2023-01-31,22.879999,23.629999,22.712000,23.610001,22.965128,2038800
2023-02-01,23.440001,23.559999,22.309999,23.010000,22.381516,1609600
2023-02-02,22.980000,23.379999,22.580000,22.920000,22.293974,1497200
2023-02-03,22.969999,23.809999,22.957001,23.100000,22.469059,1120500
2023-02-06,23.020000,23.184999,22.129999,22.330000,21.720087,1215100
2023-02-07,22.430000,23.480000,22.270000,23.430000,22.790045,1282400
2023-02-08,23.360001,23.485001,22.730000,22.940001,22.313427,1241700
2023-02-09,22.840000,22.940001,22.059999,22.209999,21.712212,1380700
2023-02-10,22.639999,23.570000,22.490000,23.430000,22.904867,2565500
2023-02-13,23.219999,23.520000,23.000000,23.070000,22.552935,1658500
2023-02-14,22.790001,23.170000,22.490000,23.150000,22.631145,1940800
2023-02-15,22.879999,22.940001,21.719999,22.580000,22.073919,2448600
2023-02-16,22.650000,23.030001,22.240000,22.260000,21.761093,1773200
2023-02-17,21.900000,21.924999,20.969999,21.230000,20.754173,2844900
2023-02-21,21.030001,21.530001,20.900000,20.959999,20.490225,2401800
2023-02-22,21.150000,21.160000,20.480000,20.879999,20.412020,2281600
2023-02-23,21.420000,21.770000,21.030001,21.719999,21.233192,1812400
2023-02-24,21.500000,22.040001,21.270000,22.010000,21.516693,1680100
2023-02-27,22.230000,22.334999,21.910000,22.070000,21.575350,1494100
2023-02-28,22.180000,22.420000,21.791000,21.850000,21.360281,1722000
2023-03-01,21.709999,22.440001,21.705000,22.360001,21.858850,1219700
2023-03-02,22.260000,22.980000,22.070000,22.840000,22.328091,1321900
2023-03-03,22.580000,23.429001,22.260000,23.240000,22.719126,1653900
2023-03-06,22.980000,23.219999,22.780001,22.940001,22.425850,1252800
2023-03-07,22.809999,22.910000,22.215000,22.250000,21.751314,1868700
2023-03-08,22.129999,22.355000,21.520000,21.680000,21.194090,2791100
2023-03-09,21.740000,22.100000,21.340000,21.360001,20.881262,2121700
2023-03-10,21.340000,21.500000,20.750000,20.809999,20.343588,1678200
2023-03-13,20.230000,20.879999,19.900000,20.250000,19.796141,2825700
2023-03-14,20.520000,21.209999,20.094999,20.490000,20.030762,2497900
2023-03-15,19.530001,19.820000,18.809999,19.340000,18.906534,3276900
2023-03-16,18.850000,20.014999,18.809999,19.969999,19.522415,2816100
2023-03-17,19.930000,19.950001,19.090000,19.639999,19.199812,13250700
2023-03-20,19.760000,20.650000,19.670000,20.520000,20.060089,2079200
2023-03-21,20.969999,21.410000,20.969999,21.320000,20.842159,3229800
2023-03-22,21.270000,21.629999,20.639999,20.680000,20.216503,2731800
2023-03-23,20.799999,21.230000,20.305000,20.400000,19.942778,2154300
2023-03-24,20.000000,20.940001,19.610001,20.660000,20.196951,2817400
2023-03-27,20.930000,21.450001,20.549999,21.299999,20.822607,1719100
2023-03-28,21.170000,21.580000,21.090000,21.200001,20.724848,1946900
2023-03-29,21.530001,21.680000,21.260000,21.559999,21.076778,1575300
2023-03-30,21.760000,21.790001,21.400000,21.559999,21.076778,1284400
2023-03-31,21.719999,21.969999,21.600000,21.879999,21.389605,1564900
2023-04-03,23.059999,23.230000,22.400000,23.139999,22.621367,2444500
2023-04-04,23.230000,23.280001,22.379999,22.760000,22.249886,2452900
2023-04-05,22.820000,22.900000,22.340000,22.799999,22.288986,1018900
2023-04-06,22.490000,22.740000,22.290001,22.330000,21.829521,914800
2023-04-10,22.750000,23.129999,22.600000,22.660000,22.152124,1353700
2023-04-11,22.920000,23.299999,22.760000,23.129999,22.611591,1772400
2023-04-12,23.209999,23.290001,22.709999,22.879999,22.367195,892700
2023-04-13,22.830000,23.350000,22.830000,23.200001,22.680025,727600
2023-04-14,23.230000,23.389999,22.980000,23.290001,22.768007,823300
2023-04-17,23.360001,23.440001,22.750000,22.770000,22.259659,811500
2023-04-18,22.680000,22.820000,22.315001,22.500000,21.995710,975900
2023-04-19,22.080000,22.190001,21.620001,22.150000,21.653555,1348800
2023-04-20,21.790001,21.924999,21.315001,21.670000,21.184315,1542900
2023-04-21,21.750000,21.830000,21.270000,21.340000,20.861710,1443600
2023-04-24,21.219999,22.025000,21.142000,21.860001,21.370058,1436900
2023-04-25,21.389999,21.480000,20.754999,20.770000,20.304487,1276700
2023-04-26,20.629999,20.889999,20.235001,20.430000,19.972107,1332500
2023-04-27,20.400000,20.610001,20.075001,20.410000,19.952553,1151500
2023-04-28,20.410000,21.290001,20.350000,21.120001,20.646643,1764900
2023-05-01,20.700001,21.360001,20.520000,20.969999,20.500002,1272600
2023-05-02,20.549999,20.549999,19.674999,19.959999,19.512638,1495000
2023-05-03,19.610001,20.150000,19.450001,19.860001,19.414883,2695500
2023-05-04,20.160000,20.250000,18.719999,18.920000,18.495949,3901000
2023-05-05,19.420000,20.080000,19.340000,19.830000,19.385555,2231300
2023-05-08,20.379999,20.500000,19.764999,19.910000,19.463760,2094700
2023-05-09,19.540001,19.840000,19.350000,19.480000,19.043398,2415900
2023-05-10,19.480000,19.565001,18.905001,19.320000,18.999146,1584800
2023-05-11,19.000000,19.230000,18.915001,19.120001,18.802467,1550700
2023-05-12,19.309999,19.480000,19.042999,19.469999,19.146652,1749800
2023-05-15,19.680000,20.000000,19.480000,19.719999,19.392502,1531700
2023-05-16,19.629999,19.700001,19.270000,19.389999,19.067980,1707500
2023-05-17,19.629999,19.980000,19.240000,19.610001,19.284330,1779300
2023-05-18,19.379999,19.700001,19.260000,19.650000,19.323666,1765400
2023-05-19,19.940001,19.965000,19.670000,19.900000,19.569513,1568400
2023-05-22,19.730000,20.895000,19.730000,20.709999,20.366060,2932900
2023-05-23,20.860001,20.985001,20.540001,20.549999,20.208717,1740500
2023-05-24,20.750000,20.750000,20.270000,20.500000,20.159548,2038300
2023-05-25,20.049999,20.184999,19.684999,19.850000,19.520344,1841400
2023-05-26,19.990000,20.030001,19.660000,19.900000,19.569513,1343400
2023-05-30,19.600000,19.799999,19.250000,19.480000,19.156488,1483400
2023-05-31,19.219999,19.445000,19.045000,19.330000,19.008980,2808300
2023-06-01,19.379999,19.665001,19.139999,19.200001,18.881140,2199200
2023-06-02,19.740000,20.405001,19.510000,20.360001,20.021875,3429500
2023-06-05,20.830000,20.830000,19.635000,19.700001,19.372835,2599800
2023-06-06,19.400000,20.305000,19.350000,20.139999,19.805527,1731400
2023-06-07,20.309999,21.080000,20.309999,21.020000,20.670914,1554700
2023-06-08,21.059999,21.254999,20.549999,21.010000,20.661077,1160100
2023-06-09,20.850000,21.150000,20.570000,20.639999,20.297222,1645100
2023-06-12,20.129999,20.434999,19.805000,20.150000,19.815363,1672600
2023-06-13,20.280001,20.959999,20.280001,20.450001,20.110380,1304900
2023-06-14,20.730000,20.809999,19.700001,20.090000,19.756357,2735100
2023-06-15,20.170000,20.709999,20.105000,20.600000,20.257889,1960400
2023-06-16,20.950001,20.959999,20.450001,20.730000,20.385729,3817800
2023-06-20,20.660000,20.670000,19.700001,20.040001,19.707190,1930400
2023-06-21,19.950001,20.370001,19.950001,20.080000,19.746523,2923900
2023-06-22,19.900000,19.920000,19.600000,19.750000,19.422005,1934500
2023-06-23,19.299999,19.870001,19.240000,19.660000,19.333498,4815700
2023-06-26,19.709999,20.295000,19.709999,20.040001,19.707190,2006400
2023-06-27,20.090000,20.090000,19.725000,19.930000,19.599014,1333000
2023-06-28,19.959999,20.264999,19.790001,20.230000,19.894032,2010300
2023-06-29,20.209999,20.770000,20.174999,20.740000,20.395563,1253300
2023-06-30,20.950001,21.030001,20.590000,20.900000,20.552904,2309500
2023-07-03,20.840000,21.070000,20.750000,20.809999,20.464399,765800
2023-07-05,20.910000,20.990000,20.629999,20.820000,20.474234,2131900
2023-07-06,20.530001,20.780001,20.010000,20.450001,20.110380,1564700
2023-07-07,20.379999,21.620001,20.379999,21.410000,21.054436,1807000
2023-07-10,21.180000,21.580000,21.170000,21.240000,20.887260,1981800
2023-07-11,21.430000,21.580000,21.330000,21.480000,21.123272,1259800
2023-07-12,21.660000,21.934999,21.525000,21.559999,21.201942,3226900
2023-07-13,21.490000,21.920000,21.490000,21.719999,21.359285,3797700
2023-07-14,21.490000,21.490000,20.415001,20.469999,20.130047,2579000
2023-07-17,20.389999,20.844999,20.299999,20.639999,20.297222,1876600
2023-07-18,20.500000,21.295000,20.500000,20.980000,20.631575,3444500
2023-07-19,21.070000,21.129999,20.629999,20.770000,20.425064,2345300
2023-07-20,20.840000,21.100000,20.635000,21.070000,20.720083,2361300
2023-07-21,21.160000,21.250000,20.980000,21.100000,20.749584,2549000
2023-07-24,21.230000,21.545000,21.125000,21.490000,21.133108,2546700
2023-07-25,21.450001,21.770000,21.285000,21.700001,21.339621,1643300
2023-07-26,21.440001,21.650000,21.219999,21.280001,20.926596,1959000
2023-07-27,21.480000,21.525000,20.940001,21.030001,20.680748,2685800
2023-07-28,21.200001,22.110001,20.980000,22.090000,21.723143,2530700
2023-07-31,22.260000,22.355000,22.020000,22.150000,21.782145,1730500
2023-08-01,21.959999,22.305000,21.650000,22.190001,21.821484,2807700
2023-08-02,23.139999,23.250000,21.709999,22.059999,21.693642,4155300
2023-08-03,22.250000,23.240000,21.740000,23.059999,22.677034,3254300
2023-08-04,23.040001,23.240000,22.799999,22.980000,22.598362,2648400
2023-08-07,23.080000,23.275000,22.670000,23.070000,22.686867,1699500
2023-08-08,22.540001,23.165001,22.299999,22.980000,22.598362,1956600
2023-08-09,23.209999,23.680000,23.070000,23.200001,22.929455,1907200
2023-08-10,23.040001,23.160000,22.540001,22.730000,22.464935,2155000
2023-08-11,22.670000,23.070000,22.650000,22.740000,22.474819,2317800
2023-08-14,22.690001,22.870001,22.424999,22.860001,22.593420,1990100
2023-08-15,22.590000,22.728001,22.495001,22.680000,22.415520,1721100
2023-08-16,22.639999,22.940001,22.423000,22.440001,22.178318,2014300
2023-08-17,22.879999,23.070000,22.600000,22.700001,22.435286,1498500
2023-08-18,22.450001,23.020000,22.450001,22.889999,22.623070,1448200
2023-08-21,23.080000,23.209999,22.700001,22.860001,22.593420,1179000
2023-08-22,22.940001,23.045000,22.434999,22.450001,22.188202,1260700
2023-08-23,22.209999,22.344999,22.000000,22.230000,21.970766,1132700
2023-08-24,21.980000,22.350000,21.980000,22.200001,21.941116,1394200
2023-08-25,22.530001,22.690001,22.139999,22.459999,22.198084,940000
2023-08-28,22.700001,22.959999,22.504999,22.639999,22.375986,1021400
2023-08-29,22.639999,23.020000,22.379999,22.910000,22.642836,1313900
2023-08-30,22.980000,23.129999,22.860001,22.889999,22.623070,1124700
2023-08-31,22.940001,22.990000,22.700001,22.799999,22.534121,1130300
2023-09-01,23.139999,23.514999,23.040001,23.330000,23.057940,1345800
2023-09-05,23.500000,23.750000,23.299999,23.320000,23.048056,1362500
2023-09-06,23.809999,24.020000,23.344999,23.750000,23.473042,1742400
2023-09-07,23.650000,23.879999,23.594999,23.650000,23.374207,1300800
2023-09-08,23.809999,23.920000,23.580000,23.610001,23.334675,1150900
2023-09-11,23.840000,23.870001,22.730000,22.950001,22.682371,1688700
2023-09-12,23.200001,23.600000,23.030001,23.510000,23.235842,2201200
2023-09-13,23.379999,23.469999,22.840000,23.049999,22.781204,1300300
2023-09-14,23.580000,23.719999,23.200001,23.280001,23.008522,1699200
2023-09-15,23.120001,23.459999,22.910000,23.040001,22.771322,5184900
2023-09-18,23.309999,23.309999,22.730000,22.910000,22.642836,1331600
2023-09-19,23.090000,23.264999,22.665001,22.850000,22.583538,1754600
2023-09-20,22.660000,22.990000,22.430000,22.469999,22.207968,1398100
2023-09-21,22.490000,22.650000,22.195000,22.299999,22.039949,1840100
2023-09-22,22.469999,22.680000,22.190001,22.250000,21.990534,1581600
2023-09-25,22.200001,22.709999,22.200001,22.670000,22.405636,1315800
2023-09-26,22.410000,22.875000,22.370001,22.680000,22.415520,1458900
2023-09-27,23.040001,23.865000,22.850000,23.639999,23.364325,2540900
2023-09-28,23.530001,23.750000,23.090000,23.200001,22.929455,2237600
2023-09-29,23.280001,23.400000,22.895000,22.910000,22.642836,2081300
2023-10-02,22.870001,22.910000,21.915001,22.110001,21.852167,1619100
2023-10-03,21.969999,22.299999,21.910000,22.260000,22.000418,2379400
2023-10-04,21.990000,21.990000,21.010000,21.240000,20.992313,2404400
2023-10-05,20.950001,21.570000,20.850000,21.549999,21.298697,2529600
2023-10-06,21.639999,21.980000,21.299999,21.809999,21.555664,3076700
2023-10-09,22.459999,22.629999,22.190001,22.510000,22.247503,2062100
2023-10-10,22.590000,22.875000,22.459999,22.750000,22.484703,1278300
2023-10-11,22.420000,22.700001,22.190001,22.629999,22.366102,1297100
2023-10-12,22.889999,22.889999,22.510000,22.750000,22.484703,1537100
2023-10-13,23.260000,23.690001,23.100000,23.510000,23.235842,1754000
2023-10-16,23.629999,23.820000,23.305000,23.629999,23.354441,1639200
2023-10-17,23.549999,23.895000,23.485001,23.540001,23.265491,1453100
2023-10-18,23.709999,23.805000,23.500000,23.510000,23.235842,1217200
2023-10-19,23.330000,23.730000,23.230000,23.469999,23.196306,2181700
2023-10-20,23.430000,23.469999,23.049999,23.139999,22.870155,1801700
2023-10-23,22.889999,23.049999,22.459999,22.600000,22.336452,1674400
2023-10-24,22.719999,22.735001,22.290001,22.400000,22.138784,2182100
2023-10-25,22.330000,22.665001,22.254999,22.590000,22.326571,1952800
2023-10-26,22.370001,22.379999,21.885000,22.209999,21.951000,1652000
2023-10-27,22.250000,22.260000,21.700001,21.950001,21.694033,1647900
2023-10-30,21.910000,22.120001,21.514999,22.000000,21.743450,1920300
2023-10-31,22.120001,22.549999,21.920000,22.450001,22.188202,2751000
2023-11-01,22.459999,22.549999,22.160000,22.290001,22.030069,2415300
2023-11-02,22.100000,23.090000,21.730000,23.059999,22.791088,3443000
2023-11-03,23.330000,23.340000,22.334999,22.850000,22.583538,3009800
2023-11-06,22.879999,22.910000,22.160000,22.200001,21.941116,1733800
2023-11-07,21.799999,21.889999,21.395000,21.580000,21.328348,2210600
2023-11-08,21.330000,21.355000,20.879999,20.930000,20.796753,2071800
2023-11-09,21.090000,21.205000,20.825001,20.969999,20.836498,1713300
2023-11-10,21.080000,21.309999,20.809999,21.250000,21.114716,2103600
2023-11-13,21.350000,21.549999,21.180000,21.400000,21.263760,1477700
2023-11-14,21.590000,22.070000,21.459999,22.040001,21.899687,1623700
2023-11-15,22.059999,22.400000,21.790001,21.799999,21.661213,1477000
2023-11-16,21.480000,21.580000,20.584999,20.969999,20.836498,1881300
2023-11-17,21.190001,21.740000,21.180000,21.680000,21.541979,1942200
2023-11-20,21.930000,22.030001,21.690001,21.750000,21.611532,1374900
2023-11-21,21.540001,21.639999,21.219999,21.510000,21.373060,2052900
2023-11-22,20.990000,21.555000,20.790001,21.410000,21.273697,2141300
2023-11-24,21.360001,21.805000,21.209999,21.639999,21.502232,749200
2023-11-27,21.400000,21.660000,21.205000,21.650000,21.512169,2520100
2023-11-28,21.620001,22.040001,21.500000,21.650000,21.512169,2261100
2023-11-29,21.799999,21.870001,21.379999,21.469999,21.333315,2474500
2023-11-30,21.719999,22.160000,21.245001,21.500000,21.363125,1775500
2023-12-01,21.469999,22.195000,21.424999,21.900000,21.760578,1617900
2023-12-04,21.629999,21.780001,21.170000,21.389999,21.253824,2801800
2023-12-05,21.440001,21.459999,20.690001,20.730000,20.598026,1848100
2023-12-06,20.450001,20.840000,20.264999,20.340000,20.210510,2370700
2023-12-07,20.389999,20.590000,20.270000,20.450001,20.319809,1935100
2023-12-08,20.700001,20.965000,20.590000,20.930000,20.796753,1480500
2023-12-11,20.549999,21.105000,20.490000,20.910000,20.776880,2105300
2023-12-12,20.540001,20.650000,20.160000,20.490000,20.359554,2064900
2023-12-13,20.600000,21.020000,20.395000,21.010000,20.876244,2491900
2023-12-14,21.510000,21.900000,21.430000,21.670000,21.532042,2656200
2023-12-15,21.670000,21.680000,21.235001,21.510000,21.373060,4750100
2023-12-18,21.950001,22.090000,21.575001,21.629999,21.492296,1983300
2023-12-19,21.570000,22.059999,21.420000,21.900000,21.760578,2148100
2023-12-20,21.950001,22.180000,21.450001,21.480000,21.343250,1599900
2023-12-21,21.500000,21.750000,21.415001,21.730000,21.591660,2066400
2023-12-22,21.930000,22.141001,21.700001,21.750000,21.611532,1240200
2023-12-26,21.950001,22.309999,21.870001,22.180000,22.038795,1282300
2023-12-27,22.230000,22.250000,21.980000,22.030001,21.889751,1264200
2023-12-28,21.910000,22.079000,21.490000,21.500000,21.363125,1967900
2023-12-29,21.549999,21.580000,21.195000,21.290001,21.154463,2012700
2024-01-02,21.420000,21.889999,21.320000,21.490000,21.353188,2019400
2024-01-03,21.480000,21.930000,21.290001,21.740000,21.601597,2047800
2024-01-04,21.780001,21.879999,20.875000,20.900000,20.766943,1917600
2024-01-05,21.010000,21.120001,20.750000,21.030001,20.896116,1683100
2024-01-08,20.590000,20.940001,20.415001,20.900000,20.766943,1963800
2024-01-09,20.900000,20.900000,20.330000,20.570000,20.439045,1615000
2024-01-10,20.600000,20.600000,20.080000,20.260000,20.131020,2076000
2024-01-11,20.360001,20.400000,20.025000,20.160000,20.031654,1842500
2024-01-12,20.610001,20.639999,20.290001,20.400000,20.270126,2730600
2024-01-16,20.260000,20.299999,19.780001,19.860001,19.733566,2549800
2024-01-17,19.594999,19.790001,19.459999,19.600000,19.475220,2438000
2024-01-18,19.629999,19.670000,19.360001,19.590000,19.465284,2036900
2024-01-19,19.549999,19.610001,19.160000,19.610001,19.485157,2397300
2024-01-22,19.549999,19.930000,19.410000,19.780001,19.654076,1900900
2024-01-23,19.790001,20.049999,19.709999,19.830000,19.703756,2057600
2024-01-24,20.040001,20.360001,19.930000,20.280001,20.150892,2401200
2024-01-25,20.459999,20.900000,20.250000,20.889999,20.757008,3754000
2024-01-26,20.950001,21.059999,20.629999,20.959999,20.826561,2189000
2024-01-29,20.900000,21.070000,20.639999,21.059999,20.925924,2532000
2024-01-30,20.760000,21.504999,20.760000,21.379999,21.243887,2809200
2024-01-31,21.340000,21.379999,20.610001,20.620001,20.488728,2203500
2024-02-01,20.780001,20.885000,20.330000,20.420000,20.290001,3269500
2024-02-02,20.290001,20.360001,19.969999,19.980000,19.852800,2724800
2024-02-05,20.030001,20.086000,19.530001,19.870001,19.743502,2334400
2024-02-06,19.940001,20.395000,19.830000,20.250000,20.121082,1934600
2024-02-07,20.280001,20.450001,20.080000,20.219999,20.091272,2974500
2024-02-08,20.200001,20.514999,20.200001,20.480000,20.349617,2804300
2024-02-09,20.459999,20.635000,20.280001,20.340000,20.210510,1777400
2024-02-12,20.469999,21.004999,20.455000,20.709999,20.578154,2541100
2024-02-13,20.559999,20.559999,20.075001,20.340000,20.210510,3340200
2024-02-14,20.450001,20.690001,20.270000,20.420000,20.290001,4657500
2024-02-15,20.850000,21.510000,20.660000,21.370001,21.370001,5296800
2024-02-16,21.520000,21.600000,21.160000,21.420000,21.420000,3147700
2024-02-20,21.340000,21.480000,21.070000,21.410000,21.410000,3260700
2024-02-21,21.580000,22.155001,21.500000,21.940001,21.940001,2771900
2024-02-22,21.650000,22.084999,21.490000,22.020000,22.020000,2856900
2024-02-23,21.850000,21.945000,21.559999,21.840000,21.840000,2116800
2024-02-26,21.680000,22.014999,21.615000,21.990000,21.990000,1365500
2024-02-27,22.219999,22.280001,21.980000,22.170000,22.170000,2607200
2024-02-28,22.080000,22.540001,22.040001,22.230000,22.230000,2651600
2024-02-29,22.440001,22.754999,22.370001,22.680000,22.680000,2981700
2024-03-01,22.900000,23.190001,22.780001,23.000000,23.000000,2279700
2024-03-04,23.580000,23.920000,23.110001,23.270000,23.270000,9059500
2024-03-05,23.180000,23.799999,23.180000,23.490000,23.490000,6120900
2024-03-06,23.670000,23.709999,23.135000,23.350000,23.350000,4781500
2024-03-07,23.370001,23.930000,23.330000,23.770000,23.770000,3514800
2024-03-08,23.760000,23.980000,23.520000,23.600000,23.600000,3230800
2024-03-11,23.500000,23.785000,23.360001,23.730000,23.730000,3490800
2024-03-12,23.730000,23.950001,23.559999,23.840000,23.840000,2925200
2024-03-13,24.100000,24.309000,23.985001,24.090000,24.090000,2647200
2024-03-14,24.299999,24.340000,23.815001,24.030001,24.030001,2965500
2024-03-15,23.959999,24.219999,23.750000,23.860001,23.860001,40683700
2024-03-18,23.930000,24.340000,23.930000,24.260000,24.260000,3748400
2024-03-19,24.240000,24.684999,24.240000,24.570000,24.570000,2461700
2024-03-20,24.420000,24.900000,24.219999,24.809999,24.809999,1925700
2024-03-21,24.820000,24.969999,24.730000,24.930000,24.930000,2075100
2024-03-22,24.969999,25.000000,24.750000,24.770000,24.770000,3473800
2024-03-25,24.879999,25.260000,24.780001,25.180000,25.180000,1671200
2024-03-26,25.370001,25.395000,25.030001,25.040001,25.040001,2153814